1,6540,Farm Implement I-1,Firestone,США,8 слоёв,9.5L-14,/img/tires/fi.png,Сельхоз шины,True,Диагональная,1,2015-10-15 09:47:41,95l-14-firestone-farm-implement-i-1-8-sloev
2,7300,Farm Implement I-1,Firestone,США,8 слоёв,11L-14,/img/tires/fi.png,Сельхоз шины,True,Диагональная,1,2015-10-15 09:47:41,11l-14-firestone-farm-implement-i-1-8-sloev
3,6535,Farm Implement I-1,Firestone,США,8 слоёв,7.60-15,/img/tires/fi.png,Сельхоз шины,True,Диагональная,1,2015-10-15 09:47:41,760-15-firestone-farm-implement-i-1-8-sloev
4,5810,DURA-LIFE I-1,Titan,США,8 слоёв,7.60-15,/img/tires/dl.png,Сельхоз шины,True,Диагональная,1,2015-10-15 09:47:41,760-15-titan-dura-life-i-1-8-sloev
5,8900,Farm Implement I-1,Firestone,США,12 слоёв,9.5L-15,/img/tires/fi.png,Сельхоз шины,True,Диагональная,1,2015-10-15 09:47:41,95l-15-firestone-farm-implement-i-1-12-sloev
6,8165,HI-FLOTATION I-1,Titan,США,12 слоёв,9.5L-15,/img/tires/hwf1.png,Сельхоз шины,True,Диагональная,1,2015-10-15 09:47:41,95l-15-titan-hi-flotation-i-1-12-sloev
7,8650,HIGHWAY IMPLEMENT F-1,Titan,США,F,9.5L-15,/img/tires/hwf1.png,Сельхоз шины,True,Диагональная,1,2015-10-15 09:47:41,95l-15-titan-highway-implement-f-1-f
8,9325,Farm Tire I-1,Firestone,США,8 слоёв,10.00-15,/img/tires/ftf.png,Сельхоз шины,True,Диагональная,1,2015-10-15 09:47:41,1000-15-firestone-farm-tire-i-1-8-sloev
9,8550,DURA-LIFE I-1,Titan,США,8 слоёв,10.00-15,/img/tires/dl.png,Сельхоз шины,True,Диагональная,1,2015-10-15 09:47:41,1000-15-titan-dura-life-i-1-8-sloev
10,9825,Farm Implement I-1,Firestone,США,12 слоёв,11L-15,/img/tires/fi.png,Сельхоз шины,True,Диагональная,1,2015-10-15 09:47:41,11l-15-firestone-farm-implement-i-1-12-sloev
11,9000,HI-FLOTATION I-1,Titan,США,12 слоёв,11L-15,/img/tires/hwf1.png,Сельхоз шины,True,Диагональная,1,2015-10-15 09:47:41,11l-15-titan-hi-flotation-i-1-12-sloev
12,10050,HIGHWAY IMPLEMENT F-1,Firestone,США,F,11L-15,/img/tires/hwf1.png,Сельхоз шины,True,Диагональная,1,2015-10-15 09:47:41,11l-15-firestone-highway-implement-f-1-f
13,10590,Farm Implement I-1,Firestone,США,12 слоёв,12.5L-15,/img/tires/fi.png,Сельхоз шины,True,Диагональная,1,2015-10-15 09:47:41,125l-15-firestone-farm-implement-i-1-12-sloev
14,9710,HI-FLOTATION I-1,Titan,США,12 слоёв,12.5L-15,/img/tires/hwf1.png,Сельхоз шины,True,Диагональная,1,2015-10-15 09:47:41,125l-15-titan-hi-flotation-i-1-12-sloev
15,12370,HIGHWAY IMPLEMENT F-1,Titan,США,F, 12.5L-15,/img/tires/hwf1.png,Сельхоз шины,True,Диагональная,1,2015-10-15 09:47:41,125l-15-titan-highway-implement-f-1-f
16,10545,Rib Implement I-1,Firestone,США,12 слоёв,31Х13.5-15,/img/tires/fi.png,Сельхоз шины,True,Диагональная,1,2015-10-15 09:47:41,31kh135-15-firestone-rib-implement-i-1-12-sloev
17,9670,Flo-Trac Rib HF-1,Titan,США,8 слоёв,31x15.50-15NHS,/img/tires/dl.png,Сельхоз шины,True,Диагональная,1,2015-10-15 09:47:41,31x1550-15nhs-titan-flo-trac-rib-hf-1-8-sloev
18,6830,DURA-LIFE I-1,Titan,США,10 слоёв,9.00-16SL,/img/tires/dl.png,Сельхоз шины,True,Диагональная,1,2015-10-15 09:47:41,900-16sl-titan-dura-life-i-1-10-sloev
19,20835,Farm Implement I-1,Firestone,США,14 слоёв,16.5L-16.1,/img/tires/fi.png,Сельхоз шины,True,Диагональная,1,2015-10-15 09:47:41,165l-161-firestone-farm-implement-i-1-14-sloev
20,19100,HIGHWAY IMPLEMENT FI,Titan,США,E,16.5L-16.1,/img/tires/hwf1.png,Сельхоз шины,True,Диагональная,1,2015-10-15 09:47:42,165l-161-titan-highway-implement-fi-e
21,42100,HI-FLOTATION I-1,Titan,США,18 слоёв,21.5L-16.1SL,/img/tires/hwf1.png,Сельхоз шины,True,Диагональная,1,2015-10-15 09:47:42,215l-161sl-titan-hi-flotation-i-1-18-sloev
22,36970,TI422 I-3,Titan,США,8 слоёв,21.5L-16.1SL,/img/tires/ti442.png,Сельхоз шины,True,Диагональная,1,2015-10-15 09:47:42,215l-161sl-titan-ti422-i-3-8-sloev
23,21380,Duraforce Utility,Firestone,Испания,143A8,340/80R18,/img/tires/du.png,Индустриальные шины,True,Радиальная,1,2015-10-15 09:47:42,34080r18-firestone-duraforce-utility-143a8
24,18950,CONTRACTOR II I-3,Titan,США,12 слоёв,12.5/80-18 (320/80-16),/img/tires/cntr.png,Индустриальные шины,True,Диагональная,1,2015-10-15 09:47:42,12580-18-32080-16-titan-contractor-ii-i-3-12-sloev
25,8130,Farm Implement I-1,Firestone,США,6 слоёв,7.50-20,/img/tires/fi.png,Сельхоз шины,True,Диагональная,1,2015-10-15 09:47:42,750-20-firestone-farm-implement-i-1-6-sloev
26,26870,LIFT RIGGER II R-1,Titan,США,143A8,400/70-20 (16.0/70-20),/img/tires/ci1049.png,Индустриальные шины,True,Радиальная,1,2015-10-15 09:47:42,40070-20-16070-20-titan-lift-rigger-ii-r-1-143a8
27,15300,Super All Traction II 23˚ R-1,Firestone,США,8 слоёв,11.2-24,/img/tires/sat.png,Сельхоз шины,True,Диагональная,1,2015-10-15 09:47:42,112-24-firestone-super-all-traction-ii-23-r-1-8-sloev
28,23945,Super All Traction II 23˚ R-1   *Cut resistant,Firestone,США,8 слоёв,14.9-24 (380/85-24),/img/tires/sat.png,Сельхоз шины,True,Диагональная,1,2015-10-15 09:47:42,149-24-38085-24-firestone-super-all-traction-ii-23-r-1-cut-resistant-8-sloev
29,21950,HI-TRACTION LUG R-1,Titan,США,8 слоёв,14.9-24 (380/85-24),/img/tires/ag1002.png,Сельхоз шины,True,Диагональная,1,2015-10-15 09:47:42,149-24-38085-24-titan-hi-traction-lug-r-1-8-sloev
30,32890,INDUSTRIAL TRACTOR LUG R-4,Titan,США,14 слоёв,16.9-24 (420/85-24),/img/tires/ind.png,Индустриальные шины,True,Диагональная,1,2015-10-15 09:47:42,169-24-42085-24-titan-industrial-tractor-lug-r-4-14-sloev
31,30690,INDUSTRIAL CONTRACTOR R-4,Titan,США,12 слоёв,17.5L-24,/img/tires/ci1059.png,Индустриальные шины,True,Диагональная,1,2015-10-15 09:47:42,175l-24-titan-industrial-contractor-r-4-12-sloev
32,37415,Traction Field&Road R-1   *Tubeless,Firestone,США,12 слоёв,18.4-26 (460/85-26),/img/tires/atfr.png,Сельхоз шины,True,Диагональная,1,2015-10-15 09:47:42,184-26-46085-26-firestone-traction-fieldroad-r-1-tubeless-12-sloev
33,39800,HI-TRACTION LUG R-1,Titan,США,12 слоёв,18.4-26 (460/85-26),/img/tires/ag1002.png,Сельхоз шины,True,Диагональная,1,2015-10-15 09:47:42,184-26-46085-26-titan-hi-traction-lug-r-1-12-sloev
34,0,Forestry Environmental Lug HF-1,Firestone,США,20 слоёв,700/50R26.5,-,Сельхоз шины,True,Радиальная,1,2015-10-15 09:47:42,70050r265-firestone-forestry-environmental-lug-hf-1-20-sloev
35,35730,INDUSTRIAL TRACTOR LUG R-4,Titan,США,12 слоёв,16.9-28 (420/85-28),/img/tires/ind.png,Индустриальные шины,True,Диагональная,1,2015-10-15 09:47:42,169-28-42085-28-titan-industrial-tractor-lug-r-4-12-sloev
36,73825,Radial All Traction DT R-1W,Firestone,США,147B,600/65R28,/img/tires/rat.png,Сельхоз шины,True,Радиальная,1,2015-10-15 09:47:42,60065r28-firestone-radial-all-traction-dt-r-1w-147b
37,73825,Maxi Traction,Firestone,Испания,154D,600/65R28,/img/tires/maxi.png,Сельхоз шины,True,Радиальная,1,2015-10-15 09:47:42,60065r28-firestone-maxi-traction-154d
38,58640,Radial All Traction DT R-1W,Firestone,США,145B,420/90R30,/img/tires/rat.png,Сельхоз шины,True,Радиальная,1,2015-10-15 09:47:42,42090r30-firestone-radial-all-traction-dt-r-1w-145b
39,42230,HI-TRACTION LUG RADIAL R-1,Titan,США,142A8/B,420/90R30,/img/tires/ind.png,Сельхоз шины,True,Радиальная,1,2015-10-15 09:47:42,42090r30-titan-hi-traction-lug-radial-r-1-142a8b
40,53000,Performer 70,Firestone,Испания,141D,480/70R30 (19.5LR30),/img/tires/perf.png,Сельхоз шины,True,Радиальная,1,2015-10-15 09:47:42,48070r30-195lr30-firestone-performer-70-141d
41,54000,Performer 70,Firestone,Испания,#REF!,480/70R30 (19.5LR30),/img/tires/perf.png,Сельхоз шины,True,Радиальная,1,2015-10-15 09:47:42,48070r30-195lr30-firestone-performer-70-ref
42,55075,Radial All Traction DT R-1W,Firestone,США,152B,480/70R30 (19.5LR30),/img/tires/rat.png,Сельхоз шины,True,Радиальная,1,2015-10-15 09:47:42,48070r30-195lr30-firestone-radial-all-traction-dt-r-1w-152b
43,94000,Radial All Traction DT R-1W,Firestone,США,152B,600/70R30,/img/tires/rat.png,Сельхоз шины,True,Радиальная,1,2015-10-15 09:47:42,60070r30-firestone-radial-all-traction-dt-r-1w-152b
44,94000,Maxi Traction,Firestone,Испания,158D,600/70R30,/img/tires/maxi.png,Сельхоз шины,True,Радиальная,1,2015-10-15 09:47:42,60070r30-firestone-maxi-traction-158d
45,0,Maxi Traction,Firestone,Испания,158A8,600/70R30,/img/tires/maxi.png,Сельхоз шины,True,Радиальная,1,2015-10-15 09:47:42,60070r30-firestone-maxi-traction-158a8
46,0,Radial All Traction DT R-1W,Firestone,США,162B,600/70R30,/img/tires/rat.png,Сельхоз шины,True,Радиальная,1,2015-10-15 09:47:42,60070r30-firestone-radial-all-traction-dt-r-1w-162b
47,86190,AG 49M RADIAL R-1W,Titan,США,152A8/B,600/70R30,/img/tires/ind.png,Сельхоз шины,True,Радиальная,1,2015-10-15 09:47:42,60070r30-titan-ag-49m-radial-r-1w-152a8b
48,82335,Super All Traction II 23˚ R-1   *Tubeless,Firestone,США,12 слоёв,24.5-32 (650/75-32),/img/tires/sat.png,Сельхоз шины,True,Диагональная,1,2015-10-15 09:47:42,245-32-65075-32-firestone-super-all-traction-ii-23-r-1-tubeless-12-sloev
49,100420,HI-TRACTION LUG RADIAL R-1,Titan,США,5* слоёв,24.5-32 (650/75-32),/img/tires/ag1002.png,Сельхоз шины,True,Диагональная,1,2015-10-15 09:47:42,245-32-65075-32-titan-hi-traction-lug-radial-r-1-5-sloev
50,109520,Radial All Traction DT R-1W,Firestone,США,172B,650/75R32 (24.5-32),/img/tires/rat.png,Сельхоз шины,True,Радиальная,1,2015-10-15 09:47:42,65075r32-245-32-firestone-radial-all-traction-dt-r-1w-172b
51,109520,Maxi Traction,Firestone,Испания,172B,650/75R32 (24.5-32),/img/tires/maxi.png,Сельхоз шины,True,Радиальная,1,2015-10-15 09:47:42,65075r32-245-32-firestone-maxi-traction-172b
52,121630,Super All Traction II 23˚ R-1,Firestone,США,16 слоёв,30.5-32 (800/65-32),/img/tires/sat.png,Сельхоз шины,True,Диагональная,1,2015-10-15 09:47:42,305-32-80065-32-firestone-super-all-traction-ii-23-r-1-16-sloev
53,196320,Forestry Special SS LS-2,Firestone,США,26 слоёв,30.5-32 (800/65-32),/img/tires/crc.png,Сельхоз шины,True,Диагональная,1,2015-10-15 09:47:42,305-32-80065-32-firestone-forestry-special-ss-ls-2-26-sloev
54,111525,HI-TRACTION LUG R-1,Titan,США,16 слоёв,30.5L-32,/img/tires/ag1002.png,Сельхоз шины,True,Диагональная,1,2015-10-15 09:47:43,305l-32-titan-hi-traction-lug-r-1-16-sloev
55,0,Radial All Traction DT R-1W,Firestone,США,172B,800/65R32 (30.5LR32),/img/tires/rat.png,Сельхоз шины,True,Радиальная,1,2015-10-15 09:47:43,80065r32-305lr32-firestone-radial-all-traction-dt-r-1w-172b
56,138975,Maxi Traction,Firestone,Испания,178A8,800/65R32 (30.5LR32),/img/tires/maxi.png,Сельхоз шины,True,Радиальная,1,2015-10-15 09:47:43,80065r32-305lr32-firestone-maxi-traction-178a8
57,122530,SUPER HI-POWER LUG RADIAL R-1,Titan,США,172A8/B,800/65R32 (30.5LR32),/img/tires/ag1002.png,Сельхоз шины,True,Радиальная,1,2015-10-15 09:47:43,80065r32-305lr32-titan-super-hi-power-lug-radial-r-1-172a8b
58,0,Radial All Traction 23˚ R-1,Firestone,США,176B,900/60R32,/img/tires/rat.png,Сельхоз шины,True,Радиальная,1,2015-10-15 09:47:43,90060r32-firestone-radial-all-traction-23-r-1-176b
59,202650,Maxi Traction,Firestone,Испания,181A8,900/60R32,/img/tires/maxi.png,Сельхоз шины,True,Радиальная,1,2015-10-15 09:47:43,90060r32-firestone-maxi-traction-181a8
60,214735,Flotation 23˚ Deep Tread HF-3,Firestone,США,16 слоёв,73X44-32,/img/tires/flot_23.png,Сельхоз шины,True,Диагональная,1,2015-10-15 09:47:43,73x44-32-firestone-flotation-23-deep-tread-hf-3-16-sloev
61,43725,Radial All Traction 23˚ R-1,Firestone,Испания,147/A8,420/85R34,/img/tires/rat.png,Сельхоз шины,True,Радиальная,1,2015-10-15 09:47:43,42085r34-firestone-radial-all-traction-23-r-1-147a8
62,45920,Performer 85,Firestone,Испания,147/D,460/85R34 (18.4R34),/img/tires/perf.png,Сельхоз шины,True,Радиальная,1,2015-10-15 09:47:43,46085r34-184r34-firestone-performer-85-147d
63,45920,Performer 85,Firestone,Испания,147A8,460/85R34 (18.4R34),/img/tires/perf.png,Сельхоз шины,True,Радиальная,1,2015-10-15 09:47:43,46085r34-184r34-firestone-performer-85-147a8
64,54920,Performer 70,Firestone,Испания,148D,520/70R34,/img/tires/perf.png,Сельхоз шины,True,Радиальная,1,2015-10-15 09:47:43,52070r34-firestone-performer-70-148d
65,43570,TT49V R-1W,Titan,США,138A8/B,320/85R38,/img/tires/ti442.png,Сельхоз шины,True,Радиальная,1,2015-10-15 09:47:43,32085r38-titan-tt49v-r-1w-138a8b
66,29300,Super All Traction II 23˚ R-1   *Cut resistant,Firestone,США,8 слоёв,18.4-38 (460/85-38),/img/tires/sat.png,Сельхоз шины,True,Диагональная,1,2015-10-15 09:47:43,184-38-46085-38-firestone-super-all-traction-ii-23-r-1-cut-resistant-8-sloev
67,55075,Performer 70,Firestone,Испания,145D,480/70R38 (19.5LR38),/img/tires/perf.png,Сельхоз шины,True,Радиальная,1,2015-10-15 09:47:43,48070r38-195lr38-firestone-performer-70-145d
68,74000,Radial All Traction 23˚ R-1,Firestone,США,155B,520/85R38 (20.8R38),/img/tires/rat.png,Сельхоз шины,True,Радиальная,1,2015-10-15 09:47:43,52085r38-208r38-firestone-radial-all-traction-23-r-1-155b
69,74000,Performer 85,Firestone,Испания,155A8,520/85R38 (20.8R38),/img/tires/perf.png,Сельхоз шины,True,Радиальная,1,2015-10-15 09:47:43,52085r38-208r38-firestone-performer-85-155a8
70,67870,HI-TRACTION LUG RADIAL R-1,Titan,США,160A8/B,520/85R38 (20.8R38),/img/tires/ag1002.png,Сельхоз шины,True,Радиальная,1,2015-10-15 09:47:43,52085r38-208r38-titan-hi-traction-lug-radial-r-1-160a8b
71,133280,Radial Deep Tread 23˚ R-1W,Firestone,США,173B,650/85R38,/img/tires/raddeep.png,Сельхоз шины,True,Радиальная,1,2015-10-15 09:47:43,65085r38-firestone-radial-deep-tread-23-r-1w-173b
72,133280,Maxi Traction,Firestone,Испания,173D,650/85R38,/img/tires/maxi.png,Сельхоз шины,True,Радиальная,1,2015-10-15 09:47:43,65085r38-firestone-maxi-traction-173d
73,146375,Radial All Traction DT R-1W,Firestone,США,166B,710/70R38,/img/tires/rat.png,Сельхоз шины,True,Радиальная,1,2015-10-15 09:47:43,71070r38-firestone-radial-all-traction-dt-r-1w-166b
74,146375,Maxi Traction,Firestone,Испания,171D,710/70R38,/img/tires/maxi.png,Сельхоз шины,True,Радиальная,1,2015-10-15 09:47:43,71070r38-firestone-maxi-traction-171d
75,134220,AG 49M RADIAL R-1W,Titan,США,166A8/B,710/70R38,/img/tires/ag1002.png,Сельхоз шины,True,Радиальная,1,2015-10-15 09:47:43,71070r38-titan-ag-49m-radial-r-1w-166a8b
76,163730,Radial Deep Tread 23˚ R-1W,Firestone,США,173B,800/70R38,/img/tires/raddeep.png,Сельхоз шины,True,Радиальная,1,2015-10-15 09:47:43,80070r38-firestone-radial-deep-tread-23-r-1w-173b
77,163730,Maxi Traction,Firestone,Испания,184D,800/70R38,/img/tires/maxi.png,Сельхоз шины,True,Радиальная,1,2015-10-15 09:47:43,80070r38-firestone-maxi-traction-184d
78,0,Radial All Traction 23˚ R-1,Firestone,США,157B,520/85R42 (20.8R42),/img/tires/rat.png,Сельхоз шины,True,Радиальная,1,2015-10-15 09:47:43,52085r42-208r42-firestone-radial-all-traction-23-r-1-157b
79,81565,Performer 85 ,Firestone,Испания,162D,520/85R42 (20.8R42),/img/tires/perf.png,Сельхоз шины,True,Радиальная,1,2015-10-15 09:47:43,52085r42-208r42-firestone-performer-85-162d
80,87270,Radial All Traction 23˚ R-1,Firestone,США,165B,520/85R42 (20.8R42),/img/tires/rat.png,Сельхоз шины,True,Радиальная,1,2015-10-15 09:47:43,52085r42-208r42-firestone-radial-all-traction-23-r-1-165b
81,74800,HI-TRACTION LUG RADIAL R-1,Titan,США,157A8/B,520/85R42 (20.8R42),/img/tires/ag1002.png,Сельхоз шины,True,Радиальная,1,2015-10-15 09:47:43,52085r42-208r42-titan-hi-traction-lug-radial-r-1-157a8b
82,122565,Radial All Traction DT R-1W,Firestone,США,160B,620/70R42,/img/tires/rat.png,Сельхоз шины,True,Радиальная,1,2015-10-15 09:47:43,62070r42-firestone-radial-all-traction-dt-r-1w-160b
83,0,Maxi Traction,Firestone,Испания,160A8,620/70R42,/img/tires/maxi.png,Сельхоз шины,True,Радиальная,1,2015-10-15 09:47:43,62070r42-firestone-maxi-traction-160a8
84,122565,Maxi Traction,Firestone,Испания,166D,620/70R42,/img/tires/maxi.png,Сельхоз шины,True,Радиальная,1,2015-10-15 09:47:43,62070r42-firestone-maxi-traction-166d
85,112390,AG 49M RADIAL R-1W,Titan,США,160A8/B,620/70R42,/img/tires/ag1002.png,Сельхоз шины,True,Радиальная,1,2015-10-15 09:47:43,62070r42-titan-ag-49m-radial-r-1w-160a8b
86,103370,Performer 65,Firestone,Испания,158D,650/65R42,/img/tires/perf.png,Сельхоз шины,True,Радиальная,1,2015-10-15 09:47:43,65065r42-firestone-performer-65-158d
87,159315,Radial All Traction DT R-1W,Firestone,США,168B,710/70R42,/img/tires/rat.png,Сельхоз шины,True,Радиальная,1,2015-10-15 09:47:43,71070r42-firestone-radial-all-traction-dt-r-1w-168b
88,159315,Maxi Traction,Firestone,Испания,173D,710/70R42,/img/tires/maxi.png,Сельхоз шины,True,Радиальная,1,2015-10-15 09:47:43,71070r42-firestone-maxi-traction-173d
89,146100,AG 49M RADIAL R-1W,Titan,США,179A8/B,710/70R42,/img/tires/ag1002.png,Сельхоз шины,True,Радиальная,1,2015-10-15 09:47:43,71070r42-titan-ag-49m-radial-r-1w-179a8b
90,61645,Radial 9000 R-1W,Firestone,США,148B,320/90R46,/img/tires/9000.png,Сельхоз шины,True,Радиальная,1,2015-10-15 09:47:43,32090r46-firestone-radial-9000-r-1w-148b
91,53570,TT49V R-1W,Titan,США,156A8/B,320/90R46,/img/tires/ag1022.png,Сельхоз шины,True,Радиальная,1,2015-10-15 09:47:43,32090r46-titan-tt49v-r-1w-156a8b
92,74200,HI-TRACTION LUG RADIAL R-1,Titan,США,156A8/B,380/90R46,/img/tires/ag1002.png,Сельхоз шины,True,Радиальная,1,2015-10-15 09:47:43,38090r46-titan-hi-traction-lug-radial-r-1-156a8b
93,91280,Radial All Traction 23˚ R-1,Firestone,США,158B,480/80R46,/img/tires/rat.png,Сельхоз шины,True,Радиальная,1,2015-10-15 09:47:44,48080r46-firestone-radial-all-traction-23-r-1-158b
94,74820,HI-TRACTION LUG RADIAL R-1,Titan,США,158A8/B,480/80R46,/img/tires/ag1002.png,Сельхоз шины,True,Радиальная,1,2015-10-15 09:47:44,48080r46-titan-hi-traction-lug-radial-r-1-158a8b
95,67480,Radial 9000 R-1W,Firestone,США,151/A8,380/90R50,/img/tires/9000.png,Сельхоз шины,True,Радиальная,1,2015-10-15 09:47:44,38090r50-firestone-radial-9000-r-1w-151a8
96,67480,Radial 9000 R-1W,Firestone,США,151B,380/90R50,/img/tires/9000.png,Сельхоз шины,True,Радиальная,1,2015-10-15 09:47:44,38090r50-firestone-radial-9000-r-1w-151b
97,135850,Radial 9100 R-1,Firestone,США,168B,380/105R50,/img/tires/9000.png,Сельхоз шины,True,Радиальная,1,2015-10-15 09:47:44,380105r50-firestone-radial-9100-r-1-168b
98,80145,Radial All Traction DT R-1W,Firestone,США,149B,320/90R54 (12.4R54),/img/tires/rat.png,Сельхоз шины,True,Радиальная,1,2015-10-15 09:47:44,32090r54-124r54-firestone-radial-all-traction-dt-r-1w-149b
99,73490,TT49V R-1W,Titan,США,154A8/B,320/90R54 (12.4R54),/img/tires/ag1022.png,Сельхоз шины,True,Радиальная,1,2015-10-15 09:47:44,32090r54-124r54-titan-tt49v-r-1w-154a8b
100,14825,R187,Bridgestone,Тайланд,143/141J,8.25R15,/img/tires/r187.png,Грузовые шины,True,Универсальная,1,2015-10-15 09:47:44,825r15-bridgestone-r187-143141j
101,9130,M723,Bridgestone,Тайланд,121/120N,225/75R16C,/img/tires/m723.png,Грузовые шины,True,Универсальная,1,2015-10-15 09:47:44,22575r16c-bridgestone-m723-121120n
102,11070,R168,Bridgestone,Тайланд,127/125J,205/65R17.5,/img/tires/r168.png,Грузовые шины,True,Прицеп,1,2015-10-15 09:47:44,20565r175-bridgestone-r168-127125j
103,9220,R227,Bridgestone,Тайланд,124/122M,205/75R17.5,/img/tires/r227.png,Грузовые шины,True,Рулевая ось,1,2015-10-15 09:47:44,20575r175-bridgestone-r227-124122m
104,9595,M729,Bridgestone,Тайланд,124/122M,205/75R17.5,/img/tires/m729.png,Грузовые шины,True,Ведущая ось,1,2015-10-15 09:47:44,20575r175-bridgestone-m729-124122m
105,10970,R294,Bridgestone,Тайланд,126/124M,215/75R17.5,/img/tires/r294.png,Грузовые шины,True,Рулевая ось,1,2015-10-15 09:47:44,21575r175-bridgestone-r294-126124m
106,11370,M788,Bridgestone,Тайланд,126/124,215/75R17.5,/img/tires/m788.png,Грузовые шины,True,Универсальная,1,2015-10-15 09:47:44,21575r175-bridgestone-m788-126124
107,11430,M729,Bridgestone,Тайланд,126/124M,215/75R17.5,/img/tires/m729.png,Грузовые шины,True,Ведущая ось,1,2015-10-15 09:47:44,21575r175-bridgestone-m729-126124m
108,11180,R168,Bridgestone,Тайланд,135/133J,215/75R17.5,/img/tires/r168.png,Грузовые шины,True,Прицеп,1,2015-10-15 09:47:44,21575r175-bridgestone-r168-135133j
109,10870,R227,Bridgestone,Тайланд,129/127M,225/75R17.5,/img/tires/r227.png,Грузовые шины,True,Рулевая ось,1,2015-10-15 09:47:44,22575r175-bridgestone-r227-129127m
110,12540,R294,Bridgestone,Тайланд,129/127M,225/75R17.5,/img/tires/r294.png,Грузовые шины,True,Рулевая ось,1,2015-10-15 09:47:44,22575r175-bridgestone-r294-129127m
111,13510,M788,Bridgestone,Тайланд,129/127M,225/75R17.5,/img/tires/m788.png,Грузовые шины,True,Универсальная,1,2015-10-15 09:47:44,22575r175-bridgestone-m788-129127m
112,13830,M729,Bridgestone,Тайланд,129/127M,225/75R17.5,/img/tires/m729.png,Грузовые шины,True,Ведущая ось,1,2015-10-15 09:47:44,22575r175-bridgestone-m729-129127m
113,13280,R227,Bridgestone,Тайланд,132/130M,235/75R17.5,/img/tires/r227.png,Грузовые шины,True,Рулевая ось,1,2015-10-15 09:47:44,23575r175-bridgestone-r227-132130m
114,13810,M729,Bridgestone,Тайланд,132/130M,235/75R17.5,/img/tires/m729.png,Грузовые шины,True,Ведущая ось,1,2015-10-15 09:47:44,23575r175-bridgestone-m729-132130m
115,13980,R168,Bridgestone,Тайланд,143/141J,235/75R17.5,/img/tires/r168.png,Грузовые шины,True,Прицеп,1,2015-10-15 09:47:44,23575r175-bridgestone-r168-143141j
116,13390,R227,Bridgestone,Тайланд,129/127M,9.5R17.5,/img/tires/r227.png,Грузовые шины,True,Рулевая ось,1,2015-10-15 09:47:44,95r175-bridgestone-r227-129127m
117,14130,M729,Bridgestone,Тайланд,129/127M,9.5R17.5,/img/tires/m729.png,Грузовые шины,True,Ведущая ось,1,2015-10-15 09:47:44,95r175-bridgestone-m729-129127m
118,15630,R227,Bridgestone,Тайланд,136/134M,245/70R17.5,/img/tires/r227.png,Грузовые шины,True,Рулевая ось,1,2015-10-15 09:47:44,24570r175-bridgestone-r227-136134m
119,16290,M729,Bridgestone,Тайланд,136/134M,245/70R17.5,/img/tires/m729.png,Грузовые шины,True,Ведущая ось,1,2015-10-15 09:47:44,24570r175-bridgestone-m729-136134m
120,15140,R168,Bridgestone,Тайланд,143/141J,245/70R17.5,/img/tires/r168.png,Грузовые шины,True,Прицеп,1,2015-10-15 09:47:44,24570r175-bridgestone-r168-143141j
121,17240,R227,Bridgestone,Тайланд,138/136M,265/70R17.5,/img/tires/r227.png,Грузовые шины,True,Рулевая ось,1,2015-10-15 09:47:44,26570r175-bridgestone-r227-138136m
122,17195,M729,Bridgestone,Тайланд,138/136M,265/70R17.5,/img/tires/m729.png,Грузовые шины,True,Ведущая ось,1,2015-10-15 09:47:44,26570r175-bridgestone-m729-138136m
123,14830,R227,Bridgestone,Тайланд,136/134M,245/70R19.5,/img/tires/r227.png,Грузовые шины,True,Рулевая ось,1,2015-10-15 09:47:44,24570r195-bridgestone-r227-136134m
124,15470,M729,Bridgestone,Тайланд,136/134M,245/70R19.5,/img/tires/m729.png,Грузовые шины,True,Ведущая ось,1,2015-10-15 09:47:44,24570r195-bridgestone-m729-136134m
125,14550,R168,Bridgestone,Тайланд,141/140J,245/70R19.5,/img/tires/r168.png,Грузовые шины,True,Прицеп,1,2015-10-15 09:47:44,24570r195-bridgestone-r168-141140j
126,15745,R227,Bridgestone,Тайланд,140/138M,265/70R19.5,/img/tires/r227.png,Грузовые шины,True,Рулевая ось,1,2015-10-15 09:47:44,26570r195-bridgestone-r227-140138m
127,16610,M729,Bridgestone,Тайланд,140/138M,265/70R19.5,/img/tires/m729.png,Грузовые шины,True,Ведущая ось,1,2015-10-15 09:47:44,26570r195-bridgestone-m729-140138m
128,18410,R227,Bridgestone,Тайланд,145/143M,285/70R19.5,/img/tires/r227.png,Грузовые шины,True,Рулевая ось,1,2015-10-15 09:47:45,28570r195-bridgestone-r227-145143m
129,19255,M729,Bridgestone,Тайланд,145/143M,285/70R19.5,/img/tires/m729.png,Грузовые шины,True,Ведущая ось,1,2015-10-15 09:47:45,28570r195-bridgestone-m729-145143m
130,17920,R168,Bridgestone,Тайланд,148/145J,285/70R19.5,/img/tires/r168.png,Грузовые шины,True,Прицеп,1,2015-10-15 09:47:45,28570r195-bridgestone-r168-148145j
131,18630,R227,Bridgestone,Тайланд,148/145M,305/70R19.5,/img/tires/r227.png,Грузовые шины,True,Рулевая ось,1,2015-10-15 09:47:45,30570r195-bridgestone-r227-148145m
132,19400,M729,Bridgestone,Тайланд,148/145M,305/70R19.5,/img/tires/m729.png,Грузовые шины,True,Ведущая ось,1,2015-10-15 09:47:45,30570r195-bridgestone-m729-148145m
133,30460,R166,Bridgestone,Тайланд,160J,435/50R19.5,/img/tires/r166.png,Грузовые шины,True,Прицеп,1,2015-10-15 09:47:45,43550r195-bridgestone-r166-160j
134,19120,R187,Bridgestone,Тайланд,146/143K,10.00R20,/img/tires/r187.png,Грузовые шины,True,Универсальная,1,2015-10-15 09:47:45,1000r20-bridgestone-r187-146143k
135,20050,G611,Bridgestone,Тайланд,148/144,10.00R20,/img/tires/g611.png,Грузовые шины,True,Универсальная,1,2015-10-15 09:47:45,1000r20-bridgestone-g611-148144
136,22140,R295,Bridgestone,Тайланд,150K,11.00R20,/img/tires/r295.png,Грузовые шины,True,Рулевая ось,1,2015-10-15 09:47:45,1100r20-bridgestone-r295-150k
137,24160,M729,Bridgestone,Тайланд,150/146K,11.00R20,/img/tires/m729.png,Грузовые шины,True,Ведущая ось,1,2015-10-15 09:47:45,1100r20-bridgestone-m729-150146k
138,23250,G611,Bridgestone,Тайланд,150/146K,11.00R20,/img/tires/g611.png,Грузовые шины,True,Универсальная,1,2015-10-15 09:47:45,1100r20-bridgestone-g611-150146k
139,21040,UT3000,Firestone,Тайланд,150/146K,11.00R20,/img/tires/ut3000.png,Грузовые шины,True,Универсальная,1,2015-10-15 09:47:45,1100r20-firestone-ut3000-150146k
140,27710,L355,Bridgestone,Тайланд,154/150K,12.00R20,/img/tires/l355.png,Грузовые шины,True,Ведущая ось,1,2015-10-15 09:47:45,1200r20-bridgestone-l355-154150k
141,26320,M840,Bridgestone,Тайланд,154/150K,12.00R20,/img/tires/m840.png,Грузовые шины,True,Универсальная,1,2015-10-15 09:47:45,1200r20-bridgestone-m840-154150k
142,30220,L317,Bridgestone,Тайланд,154/150G,12.00R20,/img/tires/l317.png,Грузовые шины,True,Универсальная,1,2015-10-15 09:47:45,1200r20-bridgestone-l317-154150g
143,38120,VSJ,Bridgestone,Тайланд,161/156K,14.00R20,/img/tires/vsj.png,Грузовые шины,True,Универсальная,1,2015-10-15 09:47:45,1400r20-bridgestone-vsj-161156k
144,18190,R295,Bridgestone,Тайланд,148/145L,11R22.5,/img/tires/r295.png,Грузовые шины,True,Рулевая ось,1,2015-10-15 09:47:45,11r225-bridgestone-r295-148145l
145,19025,M716,Bridgestone,Тайланд,148/145L,11R22.5,/img/tires/m716.png,Грузовые шины,True,Ведущая ось,1,2015-10-15 09:47:45,11r225-bridgestone-m716-148145l
146,18385,G611,Bridgestone,Тайланд,148/145J,11R22.5,/img/tires/g611.png,Грузовые шины,True,Универсальная,1,2015-10-15 09:47:45,11r225-bridgestone-g611-148145j
147,17630,FS400,Firestone,Тайланд,152/148L,12R22.5,/img/tires/fs400.png,Грузовые шины,True,Рулевая ось,1,2015-10-15 09:47:45,12r225-firestone-fs400-152148l
148,18370,FD600,Firestone,Тайланд,152/148L,12R22.5,/img/tires/fd600.png,Грузовые шины,True,Ведущая ось,1,2015-10-15 09:47:45,12r225-firestone-fd600-152148l
149,27150,L355,Bridgestone,Тайланд,154/150K,13R22.5,/img/tires/l355.png,Грузовые шины,True,Ведущая ось,1,2015-10-15 09:47:45,13r225-bridgestone-l355-154150k
150,25790,M840,Bridgestone,Тайланд,154K,13R22.5,/img/tires/m840.png,Грузовые шины,True,Универсальная,1,2015-10-15 09:47:45,13r225-bridgestone-m840-154k
151,27915,L317,Bridgestone,Тайланд,154/150G,13R22.5,/img/tires/l317.png,Грузовые шины,True,Ведущая ось,1,2015-10-15 09:47:45,13r225-bridgestone-l317-154150g
152,20440,R227,Bridgestone,Тайланд,148/145M,275/70R22.5,/img/tires/r227.png,Грузовые шины,True,Рулевая ось,1,2015-10-15 09:47:45,27570r225-bridgestone-r227-148145m
153,21500,M729,Bridgestone,Тайланд,148/145M,275/70R22.5,/img/tires/m729.png,Грузовые шины,True,Ведущая ось,1,2015-10-15 09:47:45,27570r225-bridgestone-m729-148145m
154,20480,M788,Bridgestone,Тайланд,148/145M,275/70R22.5,/img/tires/m788.png,Грузовые шины,True,Универсальная,1,2015-10-15 09:47:45,27570r225-bridgestone-m788-148145m
155,19870,R184,Bridgestone,Тайланд,148/145L,275/70R22.5,/img/tires/r184.png,Грузовые шины,True,Прицеп,1,2015-10-15 09:47:45,27570r225-bridgestone-r184-148145l
156,20000,M716,Bridgestone,Тайланд,149/146M,275/80R22.5,/img/tires/m716.png,Грузовые шины,True,Ведущая ось,1,2015-10-15 09:47:45,27580r225-bridgestone-m716-149146m
157,18810,R294,Bridgestone,Тайланд,149/146M,275/80R22.5,/img/tires/r294.png,Грузовые шины,True,Рулевая ось,1,2015-10-15 09:47:45,27580r225-bridgestone-r294-149146m
158,22165,R249,Bridgestone,Тайланд,152/148M,295/80R22.5,/img/tires/r249.png,Грузовые шины,True,Рулевая ось,1,2015-10-15 09:47:45,29580r225-bridgestone-r249-152148m
159,17940,FS400,Firestone,Тайланд,152/148M,295/80R22.5,/img/tires/fs400.png,Грузовые шины,True,Рулевая ось,1,2015-10-15 09:47:45,29580r225-firestone-fs400-152148m
160,23430,M729,Bridgestone,Тайланд,152/148M,295/80R22.5,/img/tires/m729.png,Грузовые шины,True,Ведущая ось,1,2015-10-15 09:47:45,29580r225-bridgestone-m729-152148m
161,23675,W990,Bridgestone,Тайланд,152/148M,295/80R22.5,/img/tires/w990.png,Грузовые шины,True,Ведущая ось,1,2015-10-15 09:47:45,29580r225-bridgestone-w990-152148m
162,19090,FD600,Firestone,Тайланд,152/148M,295/80R22.5,/img/tires/fd600.png,Грузовые шины,True,Ведущая ось,1,2015-10-15 09:47:45,29580r225-firestone-fd600-152148m
163,22315,M788,Bridgestone,Тайланд,152/148M,295/80R22.5,/img/tires/m788.png,Грузовые шины,True,Универсальная,1,2015-10-15 09:47:45,29580r225-bridgestone-m788-152148m
164,23490,M840,Bridgestone,Тайланд,В52К,295/80R22.5,/img/tires/m840.png,Грузовые шины,True,Универсальная,1,2015-10-15 09:47:45,29580r225-bridgestone-m840-v52k
165,22885,R249,Bridgestone,Тайланд,150/147L,295/60R22.5,/img/tires/r249.png,Грузовые шины,True,Рулевая ось,1,2015-10-15 09:47:45,29560r225-bridgestone-r249-150147l
166,24500,M729,Bridgestone,Тайланд,150/147L,295/60R22.5,/img/tires/m729.png,Грузовые шины,True,Ведущая ось,1,2015-10-15 09:47:45,29560r225-bridgestone-m729-150147l
167,23445,R227,Bridgestone,Тайланд,150/148M,305/70R22.5,/img/tires/r227.png,Грузовые шины,True,Рулевая ось,1,2015-10-15 09:47:45,30570r225-bridgestone-r227-150148m
168,24750,M729,Bridgestone,Тайланд,150/148M,305/70R22.5,/img/tires/m729.png,Грузовые шины,True,Ведущая ось,1,2015-10-15 09:47:46,30570r225-bridgestone-m729-150148m
169,24115,R249,Bridgestone,Тайланд,154/150M,315/80R22.5,/img/tires/r249.png,Грузовые шины,True,Рулевая ось,1,2015-10-15 09:47:46,31580r225-bridgestone-r249-154150m
170,19505,FS400,Firestone,Тайланд,154/150M,315/80R22.5,/img/tires/fs400.png,Грузовые шины,True,Рулевая ось,1,2015-10-15 09:47:46,31580r225-firestone-fs400-154150m
171,19505,FS422,Firestone,Тайланд,154/150M,315/80R22.5,/img/tires/fs422.png,Грузовые шины,True,Рулевая ось,1,2015-10-15 09:47:46,31580r225-firestone-fs422-154150m
172,25460,M729,Bridgestone,Тайланд,154/150M,315/80R22.5,/img/tires/m729.png,Грузовые шины,True,Ведущая ось,1,2015-10-15 09:47:46,31580r225-bridgestone-m729-154150m
173,25200,L355,Bridgestone,Тайланд,156/150K,315/80R22.5,/img/tires/l355.png,Грузовые шины,True,Ведущая ось,1,2015-10-15 09:47:46,31580r225-bridgestone-l355-156150k
174,24850,W990,Bridgestone,Тайланд,154/150M,315/80R22.5,/img/tires/w990.png,Грузовые шины,True,Ведущая ось,1,2015-10-15 09:47:46,31580r225-bridgestone-w990-154150m
175,20765,FD600,Firestone,Тайланд,154/150M,315/80R22.5,/img/tires/fd600.png,Грузовые шины,True,Ведущая ось,1,2015-10-15 09:47:46,31580r225-firestone-fd600-154150m
176,20765,FD622,Firestone,Тайланд,154/150M,315/80R22.5,/img/tires/fd622.png,Грузовые шины,True,Ведущая ось,1,2015-10-15 09:47:46,31580r225-firestone-fd622-154150m
177,23460,M788,Bridgestone,Тайланд,156/150L,315/80R22.5,/img/tires/m788.png,Грузовые шины,True,Универсальная,1,2015-10-15 09:47:46,31580r225-bridgestone-m788-156150l
178,23950,M840,Bridgestone,Тайланд,156/150K,315/80R22.5,/img/tires/m840.png,Грузовые шины,True,Универсальная,1,2015-10-15 09:47:46,31580r225-bridgestone-m840-156150k
179,20620,UT3000,Firestone,Тайланд,156/150K,315/80R22.5,/img/tires/ut3000.png,Грузовые шины,True,Универсальная,1,2015-10-15 09:47:46,31580r225-firestone-ut3000-156150k
180,21695,SAT3000,Firestone,Тайланд,156/150K,315/80R22.5,/img/tires/sat3000.png,Грузовые шины,True,Универсальная,1,2015-10-15 09:47:46,31580r225-firestone-sat3000-156150k
181,23840,RSV001,Bridgestone,Тайланд,156/150L,315/70R22.5,/img/tires/rsv001.png,Грузовые шины,True,Рулевая ось,1,2015-10-15 09:47:46,31570r225-bridgestone-rsv001-156150l
182,23840,EHS1,Bridgestone,Тайланд,156/150L,315/70R22.5,/img/tires/ehs1.png,Грузовые шины,True,Рулевая ось,1,2015-10-15 09:47:46,31570r225-bridgestone-ehs1-156150l
183,23840,R249,Bridgestone,Тайланд,152/148М,315/70R22.5,/img/tires/r249.png,Грузовые шины,True,Рулевая ось,1,2015-10-15 09:47:46,31570r225-bridgestone-r249-152148m
184,20550,FS400,Firestone,Тайланд,152/148,315/70R22.5,/img/tires/fs400.png,Грузовые шины,True,Рулевая ось,1,2015-10-15 09:47:46,31570r225-firestone-fs400-152148
185,25195,M729,Bridgestone,Тайланд,152/148M,315/70R22.5,/img/tires/m729.png,Грузовые шины,True,Ведущая ось,1,2015-10-15 09:47:46,31570r225-bridgestone-m729-152148m
186,25195,RDV001,Bridgestone,Тайланд,152/148M,315/70R22.5,/img/tires/rdv001.png,Грузовые шины,True,Ведущая ось,1,2015-10-15 09:47:46,31570r225-bridgestone-rdv001-152148m
187,25195,EHD1,Bridgestone,Тайланд,152/148M,315/70R22.5,/img/tires/ehd1.png,Грузовые шины,True,Ведущая ось,1,2015-10-15 09:47:46,31570r225-bridgestone-ehd1-152148m
188,20900,FD600,Firestone,Тайланд,152/148,315/70R22.5,/img/tires/fd600.png,Грузовые шины,True,Ведущая ось,1,2015-10-15 09:47:46,31570r225-firestone-fd600-152148
189,26190,W990,Bridgestone,Тайланд,152/148M,315/70R22.5,/img/tires/w990.png,Грузовые шины,True,Ведущая ось,1,2015-10-15 09:47:46,31570r225-bridgestone-w990-152148m
190,23440,M788,Bridgestone,Тайланд,152/148M,315/70R22.5,/img/tires/m788.png,Грузовые шины,True,Универсальная,1,2015-10-15 09:47:46,31570r225-bridgestone-m788-152148m
191,24550,R249,Bridgestone,Тайланд,152/148L,315/60R22.5,/img/tires/r249.png,Грузовые шины,True,Рулевая ось,1,2015-10-15 09:47:46,31560r225-bridgestone-r249-152148l
192,25660,M729,Bridgestone,Тайланд,152/148L,315/60R22.5,/img/tires/m729.png,Грузовые шины,True,Ведущая ось,1,2015-10-15 09:47:46,31560r225-bridgestone-m729-152148l
193,24410,R168,Bridgestone,Тайланд,160K,385/65R22.5,/img/tires/r168.png,Грузовые шины,True,Прицеп,1,2015-10-15 09:47:46,38565r225-bridgestone-r168-160k
194,26160,M748,Bridgestone,Тайланд,160K,385/65R22.5,/img/tires/m748.png,Грузовые шины,True,Прицеп,1,2015-10-15 09:47:46,38565r225-bridgestone-m748-160k
195,20520,TSP522,Firestone,Тайланд,160J,385/65R22.5,/img/tires/tsp522.png,Грузовые шины,True,Прицеп,1,2015-10-15 09:47:46,38565r225-firestone-tsp522-160j
196,20520,TSP3000,Firestone,Тайланд,160J,385/65R22.5,/img/tires/tsp3000.png,Грузовые шины,True,Универсальная,1,2015-10-15 09:47:46,38565r225-firestone-tsp3000-160j
197,25610,R249,Bridgestone,Тайланд,160K,385/65R22.5,/img/tires/r249.png,Грузовые шины,True,Универсальная,1,2015-10-15 09:47:46,38565r225-bridgestone-r249-160k
198,26360,R168,Bridgestone,Тайланд,160K,385/55R22.5,/img/tires/r168.png,Грузовые шины,True,Прицеп,1,2015-10-15 09:47:46,38555r225-bridgestone-r168-160k
199,25360,R249,Bridgestone,Тайланд,160,385/55R22.5,/img/tires/r249.png,Грузовые шины,True,Прицеп,1,2015-10-15 09:47:46,38555r225-bridgestone-r249-160
200,35460,R164,Bridgestone,Тайланд,165K,425/65R22.5,/img/tires/r164.png,Грузовые шины,True,Прицеп,1,2015-10-15 09:47:46,42565r225-bridgestone-r164-165k
201,34470,M748,Bridgestone,Тайланд,165K,425/65R22.5,/img/tires/m748.png,Грузовые шины,True,Прицеп,1,2015-10-15 09:47:46,42565r225-bridgestone-m748-165k
202,40730,R164,Bridgestone,Тайланд,169K,445/65R22.5,/img/tires/r164.png,Грузовые шины,True,Прицеп,1,2015-10-15 09:47:46,44565r225-bridgestone-r164-169k
203,42760,M748,Bridgestone,Тайланд,169K,445/65R22.5,/img/tires/m748.png,Грузовые шины,True,Прицеп,1,2015-10-15 09:47:46,44565r225-bridgestone-m748-169k
204,27990,L355,Bridgestone,Тайланд,156/153J,12.00R24,/img/tires/l355.png,Грузовые шины,True,Ведущая ось,1,2015-10-15 09:47:46,1200r24-bridgestone-l355-156153j
205,26390,M840,Bridgestone,Тайланд,156/153K,12.00R24,/img/tires/m840.png,Грузовые шины,True,Универсальная,1,2015-10-15 09:47:46,1200r24-bridgestone-m840-156153k
206,27710,M840,Bridgestone,Тайланд,162K,325/95R24,/img/tires/m840.png,Грузовые шины,True,Универсальная,1,2015-10-15 09:47:46,32595r24-bridgestone-m840-162k
207,16000,TZ-10 EXTRA,Zeetex,Китай,156/150L,315/80R22.5,/img/tires/tz10.png,Грузовые шины,True,Ведущая ось,1,2015-10-15 09:47:46,31580r225-zeetex-tz-10-extra-156150l
208,15500,TZ-11 EXTRA,Zeetex,Китай,154M,315/70R22.5,/img/tires/tz11.png,Грузовые шины,True,Ведущая ось,1,2015-10-15 09:47:47,31570r225-zeetex-tz-11-extra-154m
209,17000,ZS-09,Zeetex,Китай,160К,385/65R22.5,/img/tires/zs09.png,Грузовые шины,True,Прицеп,1,2015-10-15 09:47:47,38565r225-zeetex-zs-09-160k
211,19100,KRD-02 LONGMARK,Kumho,Корея,152/148M,295/80R22.5,/img/tires/krd02.png,Грузовые шины,True,Ведущая ось,1,2015-10-15 09:47:47,29580r225-kumho-krd-02-longmark-152148m
212,20800,KRD-02 LONGMARK,Kumho,Корея,156/150L,315/80R22.5,/img/tires/krd02.png,Грузовые шины,True,Ведущая ось,1,2015-10-15 09:47:47,31580r225-kumho-krd-02-longmark-156150l
213,19900,DH1 EU LRJ 18 PR,Matador,Словакия,154/150L,315/70R22.5,/img/tires/dh1.png,Грузовые шины,True,Ведущая ось,1,2015-10-15 09:47:47,31570r225-matador-dh1-eu-lrj-18-pr-154150l
214,14940,KRS-02,Kumho,Корея,149/146L,275/80R22.5,/img/tires/krs02.png,Грузовые шины,True,Рулевая ось,1,2015-10-15 09:47:47,27580r225-kumho-krs-02-149146l
215,22520,KRS-50,Kumho,Корея,154/150L,385/65R22.5,/img/tires/krs50.png,Грузовые шины,True,Универсальная,1,2015-10-15 09:47:47,38565r225-kumho-krs-50-154150l
216,21500,M788,Bridgestone,Тайланд,160К/158,385/65R22.5,/img/tires/m788.png,Грузовые шины,True,Универсальная,1,2015-10-15 09:47:47,38565r225-bridgestone-m788-160k158
217,8,Series 85,Maximo,Китай,115A8/112B,280/85R24 (11.2R24) ,/img/tires/maximo85.png,Сельхоз шины,True,Радиальная,2,2015-10-15 09:47:47,28085r24-112r24-maximo-series-85-115a8112b
218,8,Series 85,Maximo,Китай,122A8/119B,320/85R24 (12.4R24),/img/tires/maximo85.png,Сельхоз шины,True,Радиальная,2,2015-10-15 09:47:47,32085r24-124r24-maximo-series-85-122a8119b
219,8,Series 85,Maximo,Китай,125A8/122B,340/85R24 (13.6R24),/img/tires/maximo85.png,Сельхоз шины,True,Радиальная,2,2015-10-15 09:47:47,34085r24-136r24-maximo-series-85-125a8122b
220,8,Series 85,Maximo,Китай,131A8/128B,380/85R24 (14.9R24),/img/tires/maximo85.png,Сельхоз шины,True,Радиальная,2,2015-10-15 09:47:47,38085r24-149r24-maximo-series-85-131a8128b
221,8,Series 85,Maximo,Китай,137A8/134B,420/85R24 (16.9R24),/img/tires/maximo85.png,Сельхоз шины,True,Радиальная,2,2015-10-15 09:47:47,42085r24-169r24-maximo-series-85-137a8134b
222,8,Series 85,Maximo,Китай,124A8/121B,320/85R28 (12.4R28),/img/tires/maximo85.png,Сельхоз шины,True,Радиальная,2,2015-10-15 09:47:47,32085r28-124r28-maximo-series-85-124a8121b
223,8,Series 85,Maximo,Китай,127A8/124B,340/85R28 (13.6R28),/img/tires/maximo85.png,Сельхоз шины,True,Радиальная,2,2015-10-15 09:47:47,34085r28-136r28-maximo-series-85-127a8124b
224,8,Series 85,Maximo,Китай,133A8/130B,380/85R28 (14.9R28),/img/tires/maximo85.png,Сельхоз шины,True,Радиальная,2,2015-10-15 09:47:47,38085r28-149r28-maximo-series-85-133a8130b
225,8,Series 85,Maximo,Китай,139A8/136B,420/85R28 (16.9R28),/img/tires/maximo85.png,Сельхоз шины,True,Радиальная,2,2015-10-15 09:47:47,42085r28-169r28-maximo-series-85-139a8136b
226,8,Series 85,Maximo,Китай,135A8/132B,380/85R30 (14.9R30),/img/tires/maximo85.png,Сельхоз шины,True,Радиальная,2,2015-10-15 09:47:47,38085r30-149r30-maximo-series-85-135a8132b
227,8,Series 85,Maximo,Китай,140A8/137B,420/85R30 (16.9R30),/img/tires/maximo85.png,Сельхоз шины,True,Радиальная,2,2015-10-15 09:47:47,42085r30-169r30-maximo-series-85-140a8137b
228,8,Series 85,Maximo,Китай,145A8/142B,460/85R30 (18.4R30),/img/tires/maximo85.png,Сельхоз шины,True,Радиальная,2,2015-10-15 09:47:47,46085r30-184r30-maximo-series-85-145a8142b
229,8,Series 85,Maximo,Китай,142A8/139B,420/85R34 (16.9R34),/img/tires/maximo85.png,Сельхоз шины,True,Радиальная,2,2015-10-15 09:47:47,42085r34-169r34-maximo-series-85-142a8139b
230,8,Series 85,Maximo,Китай,147A8/144B,460/85R34 (18.4R34),/img/tires/maximo85.png,Сельхоз шины,True,Радиальная,2,2015-10-15 09:47:47,46085r34-184r34-maximo-series-85-147a8144b
231,8,Series 85,Maximo,Китай,144A8/141B,420/85R38 (16.9R38),/img/tires/maximo85.png,Сельхоз шины,True,Радиальная,2,2015-10-15 09:47:47,42085r38-169r38-maximo-series-85-144a8141b
232,8,Series 85,Maximo,Китай,149A8/146B,460/85R38 (18.4R38),/img/tires/maximo85.png,Сельхоз шины,True,Радиальная,2,2015-10-15 09:47:47,46085r38-184r38-maximo-series-85-149a8146b
233,8,Series 85,Maximo,Китай,155A8/152B,520/85R38 (20.8R38),/img/tires/maximo85.png,Сельхоз шины,True,Радиальная,2,2015-10-15 09:47:47,52085r38-208r38-maximo-series-85-155a8152b
234,8,Series 85,Maximo,Китай,157A8/157B,520/85R42 (20.8R42),/img/tires/maximo85.png,Сельхоз шины,True,Радиальная,2,2015-10-15 09:47:47,52085r42-208r42-maximo-series-85-157a8157b
235,8,Series 70,Maximo,Китай,122А8,360/70R24,/img/tires/maximo70.png,Сельхоз шины,True,Радиальная,2,2015-10-15 09:47:48,36070r24-maximo-series-70-122a8
236,8,Series 70,Maximo,Китай,125А8,380/70R24,/img/tires/maximo70.png,Сельхоз шины,True,Радиальная,2,2015-10-15 09:47:48,38070r24-maximo-series-70-125a8
237,8,Series 70,Maximo,Китай,130А8,420/70R24,/img/tires/maximo70.png,Сельхоз шины,True,Радиальная,2,2015-10-15 09:47:48,42070r24-maximo-series-70-130a8
238,8,Series 70,Maximo,Китай,138А8,480/70R24,/img/tires/maximo70.png,Сельхоз шины,True,Радиальная,2,2015-10-15 09:47:48,48070r24-maximo-series-70-138a8
239,8,Series 70,Maximo,Китай,127А8,380/70R28,/img/tires/maximo70.png,Сельхоз шины,True,Радиальная,2,2015-10-15 09:47:48,38070r28-maximo-series-70-127a8
240,8,Series 70,Maximo,Китай,133А8,420/70R28,/img/tires/maximo70.png,Сельхоз шины,True,Радиальная,2,2015-10-15 09:47:48,42070r28-maximo-series-70-133a8
241,8,Series 70,Maximo,Китай,140А8,480/70R28,/img/tires/maximo70.png,Сельхоз шины,True,Радиальная,2,2015-10-15 09:47:48,48070r28-maximo-series-70-140a8
242,8,Series 70,Maximo,Китай,141А8,480/70R30 (19.5LR30),/img/tires/maximo70.png,Сельхоз шины,True,Радиальная,2,2015-10-15 09:47:48,48070r30-195lr30-maximo-series-70-141a8
243,8,Series 70,Maximo,Китай,143А8,480/70R34,/img/tires/maximo70.png,Сельхоз шины,True,Радиальная,2,2015-10-15 09:47:48,48070r34-maximo-series-70-143a8
244,8,Series 70,Maximo,Китай,148А8,520/70R34,/img/tires/maximo70.png,Сельхоз шины,True,Радиальная,2,2015-10-15 09:47:48,52070r34-maximo-series-70-148a8
245,8,Series 70,Maximo,Китай,145А8,480/70R38 (19.5LR38),/img/tires/maximo70.png,Сельхоз шины,True,Радиальная,2,2015-10-15 09:47:48,48070r38-195lr38-maximo-series-70-145a8
246,8,Series 70,Maximo,Китай,150А8,520/70R38,/img/tires/maximo70.png,Сельхоз шины,True,Радиальная,2,2015-10-15 09:47:48,52070r38-maximo-series-70-150a8
247,8,Series 70,Maximo,Китай,155А8,580/70R38,/img/tires/maximo70.png,Сельхоз шины,True,Радиальная,2,2015-10-15 09:47:48,58070r38-maximo-series-70-155a8
248,8,TM 700,Trelleborg,Италия,109A8/109B,260/70R16,/img/tires/tm700.png,Сельхоз шины,True,Радиальная,2,2015-10-15 09:47:48,26070r16-trelleborg-tm-700-109a8109b
249,8,TM 700,Trelleborg,Италия,112A8/112B,280/70R16,/img/tires/tm700.png,Сельхоз шины,True,Радиальная,2,2015-10-15 09:47:48,28070r16-trelleborg-tm-700-112a8112b
250,8,TM 700,Trelleborg,Италия,114A8/114B,280/70R18,/img/tires/tm700.png,Сельхоз шины,True,Радиальная,2,2015-10-15 09:47:48,28070r18-trelleborg-tm-700-114a8114b
251,8,TM 190,Trelleborg,Италия,6 слоёв,7.5R20,/img/tires/tm190.png,Сельхоз шины,True,Радиальная,2,2015-10-15 09:47:48,75r20-trelleborg-tm-190-6-sloev
252,8,TM 190,Trelleborg,Италия,8 слоёв,9.5R20,/img/tires/tm190.png,Сельхоз шины,True,Радиальная,2,2015-10-15 09:47:48,95r20-trelleborg-tm-190-8-sloev
253,8,TM 700,Trelleborg,Италия,110A8/110B,300/70R20,/img/tires/tm700.png,Сельхоз шины,True,Радиальная,2,2015-10-15 09:47:48,30070r20-trelleborg-tm-700-110a8110b
254,8,TM 600,Trelleborg,Италия,112A8/109B,280/85R20 (11.2R20),/img/tires/tm600.png,Сельхоз шины,True,Радиальная,2,2015-10-15 09:47:48,28085r20-112r20-trelleborg-tm-600-112a8109b
255,8,TM 700,Trelleborg,Италия,113A8/113B,320/70R20,/img/tires/tm700.png,Сельхоз шины,True,Радиальная,2,2015-10-15 09:47:48,32070r20-trelleborg-tm-700-113a8113b
256,8,TM 600,Trelleborg,Италия,119A8/116B,320/85R20 (12.4R20),/img/tires/tm600.png,Сельхоз шины,True,Радиальная,2,2015-10-15 09:47:48,32085r20-124r20-trelleborg-tm-600-119a8116b
257,8,TM 700,Trelleborg,Италия,120A8/120B,360/70R20,/img/tires/tm700.png,Сельхоз шины,True,Радиальная,2,2015-10-15 09:47:48,36070r20-trelleborg-tm-700-120a8120b
258,8,TM 700,Trelleborg,Италия,122A8/122B,380/70R20,/img/tires/tm700.png,Сельхоз шины,True,Радиальная,2,2015-10-15 09:47:48,38070r20-trelleborg-tm-700-122a8122b
259,8,TM 190,Trelleborg,Италия,8 слоёв,8.3R24,/img/tires/tm190.png,Сельхоз шины,True,Радиальная,2,2015-10-15 09:47:48,83r24-trelleborg-tm-190-8-sloev
260,8,TM 190,Trelleborg,Италия,107A8,9.5R24,/img/tires/tm190.png,Сельхоз шины,True,Радиальная,2,2015-10-15 09:47:48,95r24-trelleborg-tm-190-107a8
261,8,TM 600,Trelleborg,Италия,115A8/112B,280/85R24 (11.2R24),/img/tires/tm600.png,Сельхоз шины,True,Радиальная,2,2015-10-15 09:47:48,28085r24-112r24-trelleborg-tm-600-115a8112b
262,8,TM 700,Trelleborg,Италия,116A8/116B,320/70R24,/img/tires/tm700.png,Сельхоз шины,True,Радиальная,2,2015-10-15 09:47:48,32070r24-trelleborg-tm-700-116a8116b
263,8,TM 600,Trelleborg,Италия,122A8/119B,320/85R24 (12.4R24),/img/tires/tm600.png,Сельхоз шины,True,Радиальная,2,2015-10-15 09:47:48,32085r24-124r24-trelleborg-tm-600-122a8119b
264,8,TM 700,Trelleborg,Италия,122A8/122B,360/70R24,/img/tires/tm700.png,Сельхоз шины,True,Радиальная,2,2015-10-15 09:47:48,36070r24-trelleborg-tm-700-122a8122b
265,8,TM 600,Trelleborg,Италия,125A8/122B,340/85R24,/img/tires/tm600.png,Сельхоз шины,True,Радиальная,2,2015-10-15 09:47:48,34085r24-trelleborg-tm-600-125a8122b
266,8,TM 700,Trelleborg,Италия,125A8/125B,380/70R24,/img/tires/tm700.png,Сельхоз шины,True,Радиальная,2,2015-10-15 09:47:48,38070r24-trelleborg-tm-700-125a8125b
267,8,TM 800,Trelleborg,Италия,128D,440/65R24,/img/tires/tm800.png,Сельхоз шины,True,Радиальная,2,2015-10-15 09:47:48,44065r24-trelleborg-tm-800-128d
268,8,TM 600,Trelleborg,Италия,131A8/128B,380/85R24 (14.9R24),/img/tires/tm600.png,Сельхоз шины,True,Радиальная,2,2015-10-15 09:47:48,38085r24-149r24-trelleborg-tm-600-131a8128b
269,8,TM 700,Trelleborg,Италия,130A8/130B,420/70R24,/img/tires/tm700.png,Сельхоз шины,True,Радиальная,2,2015-10-15 09:47:48,42070r24-trelleborg-tm-700-130a8130b
270,8,TM 800,Trelleborg,Италия,133D,480/65R24,/img/tires/tm800.png,Сельхоз шины,True,Радиальная,2,2015-10-15 09:47:48,48065r24-trelleborg-tm-800-133d
271,8,TM 600,Trelleborg,Италия,137A8/134B,420/85R24 (16.9R24),/img/tires/tm600.png,Сельхоз шины,True,Радиальная,2,2015-10-15 09:47:48,42085r24-169r24-trelleborg-tm-600-137a8134b
272,8,TM 700,Trelleborg,Италия,138A8/138B,480/70R24,/img/tires/tm700.png,Сельхоз шины,True,Радиальная,2,2015-10-15 09:47:48,48070r24-trelleborg-tm-700-138a8138b
273,8,TM 800,Trelleborg,Италия,140D,540/65R24,/img/tires/tm800.png,Сельхоз шины,True,Радиальная,2,2015-10-15 09:47:48,54065r24-trelleborg-tm-800-140d
274,8,TM 800,Trelleborg,Италия,146A8,540/65R24,/img/tires/tm800.png,Сельхоз шины,True,Радиальная,2,2015-10-15 09:47:48,54065r24-trelleborg-tm-800-146a8
275,8,TM 700,Trelleborg,Италия,139A8/139B,480/70R26,/img/tires/tm700.png,Сельхоз шины,True,Радиальная,2,2015-10-15 09:47:48,48070r26-trelleborg-tm-700-139a8139b
276,8,TM 800,Trelleborg,Италия,141D,540/65R26,/img/tires/tm800.png,Сельхоз шины,True,Радиальная,2,2015-10-15 09:47:48,54065r26-trelleborg-tm-800-141d
277,8,TM 600,Trelleborg,Италия,118A8/115B,280/85R28 (11.2R28),/img/tires/tm600.png,Сельхоз шины,True,Радиальная,2,2015-10-15 09:47:48,28085r28-112r28-trelleborg-tm-600-118a8115b
278,8,TM 700,Trelleborg,Италия,119A8/116B,320/70R28,/img/tires/tm700.png,Сельхоз шины,True,Радиальная,2,2015-10-15 09:47:48,32070r28-trelleborg-tm-700-119a8116b
279,8,TM 600,Trelleborg,Италия,124A8/121B,320/85R28 (12.4R28),/img/tires/tm600.png,Сельхоз шины,True,Радиальная,2,2015-10-15 09:47:49,32085r28-124r28-trelleborg-tm-600-124a8121b
280,8,TM 700,Trelleborg,Италия,125A8/125B,360/70R28,/img/tires/tm700.png,Сельхоз шины,True,Радиальная,2,2015-10-15 09:47:49,36070r28-trelleborg-tm-700-125a8125b
281,8,TM 600,Trelleborg,Италия,127/A8/124B,340/85R28 (13.6R28),/img/tires/tm600.png,Сельхоз шины,True,Радиальная,2,2015-10-15 09:47:49,34085r28-136r28-trelleborg-tm-600-127a8124b
282,8,TM 700,Trelleborg,Италия,127A8/127B,380/70R28,/img/tires/tm700.png,Сельхоз шины,True,Радиальная,2,2015-10-15 09:47:49,38070r28-trelleborg-tm-700-127a8127b
283,8,TM 800,Trelleborg,Италия,131D,440/65R28,/img/tires/tm800.png,Сельхоз шины,True,Радиальная,2,2015-10-15 09:47:49,44065r28-trelleborg-tm-800-131d
284,8,TM 600,Trelleborg,Италия,133/A8/130B,380/85R28 (14.9R28),/img/tires/tm600.png,Сельхоз шины,True,Радиальная,2,2015-10-15 09:47:49,38085r28-149r28-trelleborg-tm-600-133a8130b
285,8,TM 700,Trelleborg,Италия,133D,420/70R28,/img/tires/tm700.png,Сельхоз шины,True,Радиальная,2,2015-10-15 09:47:49,42070r28-trelleborg-tm-700-133d
286,8,TM 800,Trelleborg,Италия,136D,480/65R28,/img/tires/tm800.png,Сельхоз шины,True,Радиальная,2,2015-10-15 09:47:49,48065r28-trelleborg-tm-800-136d
287,8,TM 600,Trelleborg,Италия,139A8/136B,420/85R28 (16.9R28),/img/tires/tm600.png,Сельхоз шины,True,Радиальная,2,2015-10-15 09:47:49,42085r28-169r28-trelleborg-tm-600-139a8136b
288,8,TM 700,Trelleborg,Италия,140D,480/70R28,/img/tires/tm700.png,Сельхоз шины,True,Радиальная,2,2015-10-15 09:47:49,48070r28-trelleborg-tm-700-140d
289,8,TM 700 HS,Trelleborg,Италия,145D/148A8,480/70R28,/img/tires/tm700hs.png,Сельхоз шины,True,Радиальная,2,2015-10-15 09:47:49,48070r28-trelleborg-tm-700-hs-145d148a8
290,8,TM 800,Trelleborg,Италия,142D,540/65R28,/img/tires/tm800.png,Сельхоз шины,True,Радиальная,2,2015-10-15 09:47:49,54065r28-trelleborg-tm-800-142d
291,8,TM 800 HS,Trelleborg,Италия,149D/146E,540/65R28,/img/tires/tm800hs.png,Сельхоз шины,True,Радиальная,2,2015-10-15 09:47:49,54065r28-trelleborg-tm-800-hs-149d146e
292,8,TM 800,Trelleborg,Италия,147D,600/65R28,/img/tires/tm800.png,Сельхоз шины,True,Радиальная,2,2015-10-15 09:47:49,60065r28-trelleborg-tm-800-147d
293,8,TM 800 HS,Trelleborg,Италия,154D/151E,600/65R28,/img/tires/tm800hs.png,Сельхоз шины,True,Радиальная,2,2015-10-15 09:47:49,60065r28-trelleborg-tm-800-hs-154d151e
294,8,TM 900 HP,Trelleborg,Италия,157D,600/70R28,/img/tires/tm900hp.png,Сельхоз шины,True,Радиальная,2,2015-10-15 09:47:49,60070r28-trelleborg-tm-900-hp-157d
295,8,TM 600,Trelleborg,Италия,135A8/132B,380/85R30 (14.9R30),/img/tires/tm600.png,Сельхоз шины,True,Радиальная,2,2015-10-15 09:47:49,38085r30-149r30-trelleborg-tm-600-135a8132b
296,8,TM 700,Trelleborg,Италия,134A8/134B,420/70R30,/img/tires/tm700.png,Сельхоз шины,True,Радиальная,2,2015-10-15 09:47:49,42070r30-trelleborg-tm-700-134a8134b
297,8,TM 600,Trelleborg,Италия,140A8/137B,420/85R30 (16.9R30),/img/tires/tm600.png,Сельхоз шины,True,Радиальная,2,2015-10-15 09:47:49,42085r30-169r30-trelleborg-tm-600-140a8137b
298,8,TM 700,Trelleborg,Италия,141D,480/70R30,/img/tires/tm700.png,Сельхоз шины,True,Радиальная,2,2015-10-15 09:47:49,48070r30-trelleborg-tm-700-141d
299,8,TM 700 HS,Trelleborg,Италия,147D/144E,480/70R30,/img/tires/tm700hs.png,Сельхоз шины,True,Радиальная,2,2015-10-15 09:47:49,48070r30-trelleborg-tm-700-hs-147d144e
300,8,TM 800,Trelleborg,Италия,143D,540/65R30,/img/tires/tm800.png,Сельхоз шины,True,Радиальная,2,2015-10-15 09:47:49,54065r30-trelleborg-tm-800-143d
301,8,TM 800 HS,Trelleborg,Италия,150D/147E,540/65R30,/img/tires/tm800hs.png,Сельхоз шины,True,Радиальная,2,2015-10-15 09:47:49,54065r30-trelleborg-tm-800-hs-150d147e
302,8,TM 900 HP,Trelleborg,Италия,158D/155E,600/70R30,/img/tires/tm900hp.png,Сельхоз шины,True,Радиальная,2,2015-10-15 09:47:49,60070r30-trelleborg-tm-900-hp-158d155e
303,8,TM 1000 HP,Trelleborg,Италия,159D,IF 600/70R30,/img/tires/tm1000hp.png,Сельхоз шины,True,Радиальная,2,2015-10-15 09:47:49,if-60070r30-trelleborg-tm-1000-hp-159d
304,8,TM 900 HP,Trelleborg,Италия,162D/159E,710/60R30,/img/tires/tm900hp.png,Сельхоз шины,True,Радиальная,2,2015-10-15 09:47:49,71060r30-trelleborg-tm-900-hp-162d159e
305,8,TM 600,Trelleborg,Италия,145A8/142B,460/85R30 (18.4R30),/img/tires/tm600.png,Сельхоз шины,True,Радиальная,2,2015-10-15 09:47:49,46085r30-184r30-trelleborg-tm-600-145a8142b
306,8,TM 700,Trelleborg,Италия,145A8/145B/,520/70R30,/img/tires/tm700.png,Сельхоз шины,True,Радиальная,2,2015-10-15 09:47:49,52070r30-trelleborg-tm-700-145a8145b
307,8,TM 700 HS,Trelleborg,Италия,151D/148E,520/70R30,/img/tires/tm700hs.png,Сельхоз шины,True,Радиальная,2,2015-10-15 09:47:49,52070r30-trelleborg-tm-700-hs-151d148e
308,8,TM 600,Trelleborg,Италия,137A8/137B,380/85R34 (14.9R34),/img/tires/tm600.png,Сельхоз шины,True,Радиальная,2,2015-10-15 09:47:49,38085r34-149r34-trelleborg-tm-600-137a8137b
309,8,TM 600,Trelleborg,Италия,142A8/139B,420/85R34 (16.9R34),/img/tires/tm600.png,Сельхоз шины,True,Радиальная,2,2015-10-15 09:47:49,42085r34-169r34-trelleborg-tm-600-142a8139b
310,8,TM 700,Trelleborg,Италия,143A8/143B,480/70R34,/img/tires/tm700.png,Сельхоз шины,True,Радиальная,2,2015-10-15 09:47:49,48070r34-trelleborg-tm-700-143a8143b
311,8,TM 800,Trelleborg,Италия,145D,540/65R34,/img/tires/tm800.png,Сельхоз шины,True,Радиальная,2,2015-10-15 09:47:49,54065r34-trelleborg-tm-800-145d
312,8,TM 800 HS,Trelleborg,Италия,152D/149E,540/65R34,/img/tires/tm800hs.png,Сельхоз шины,True,Радиальная,2,2015-10-15 09:47:49,54065r34-trelleborg-tm-800-hs-152d149e
313,8,TM 600,Trelleborg,Италия,147A8/144B,460/85R34 (18.4R34),/img/tires/tm600.png,Сельхоз шины,True,Радиальная,2,2015-10-15 09:47:49,46085r34-184r34-trelleborg-tm-600-147a8144b
314,8,TM 700,Trelleborg,Италия,148A8/148B,520/70R34,/img/tires/tm700.png,Сельхоз шины,True,Радиальная,2,2015-10-15 09:47:49,52070r34-trelleborg-tm-700-148a8148b
315,8,TM 800,Trelleborg,Италия,151D,600/65R34,/img/tires/tm800.png,Сельхоз шины,True,Радиальная,2,2015-10-15 09:47:49,60065r34-trelleborg-tm-800-151d
316,8,TM 800 HS,Trelleborg,Италия,157D/154E,600/65R34,/img/tires/tm800hs.png,Сельхоз шины,True,Радиальная,2,2015-10-15 09:47:49,60065r34-trelleborg-tm-800-hs-157d154e
317,8,TM 900 HP,Trelleborg,Италия,159D(156E),650/60R34,/img/tires/tm900hp.png,Сельхоз шины,True,Радиальная,2,2015-10-15 09:47:49,65060r34-trelleborg-tm-900-hp-159d156e
318,8,TM 1000 HP,Trelleborg,Италия,159D,IF 650/60 R34,/img/tires/tm1000hp.png,Сельхоз шины,True,Радиальная,2,2015-10-15 09:47:49,if-65060-r34-trelleborg-tm-1000-hp-159d
319,8,TM 1000 HP,Trelleborg,Италия,161/D,IF 650/65 R34,/img/tires/tm1000hp.png,Сельхоз шины,True,Радиальная,2,2015-10-15 09:47:49,if-65065-r34-trelleborg-tm-1000-hp-161d
320,8,TM 900 HP,Trelleborg,Италия,160D/157E,600/70R34,/img/tires/tm900hp.png,Сельхоз шины,True,Радиальная,2,2015-10-15 09:47:49,60070r34-trelleborg-tm-900-hp-160d157e
321,8,TM 900 HP,Trelleborg,Италия,164A8/161D,710/60R34,/img/tires/tm900hp.png,Сельхоз шины,True,Радиальная,2,2015-10-15 09:47:50,71060r34-trelleborg-tm-900-hp-164a8161d
322,8,TM 1000 HP,Trelleborg,Италия,164D,IF 710/60R34,/img/tires/tm1000hp.png,Сельхоз шины,True,Радиальная,2,2015-10-15 09:47:50,if-71060r34-trelleborg-tm-1000-hp-164d
323,8,TM190,Trelleborg,Италия,124A8,12.4R36,/img/tires/tm190.png,Сельхоз шины,True,Радиальная,2,2015-10-15 09:47:50,124r36-trelleborg-tm190-124a8
324,8,TM 600,Trelleborg,Италия,129A8//126B,320/85R38 (13.6R38),/img/tires/tm600.png,Сельхоз шины,True,Радиальная,2,2015-10-15 09:47:50,32085r38-136r38-trelleborg-tm-600-129a8126b
325,8,TM 600,Trelleborg,Италия,133A8/130B,340/85R38 (12.4R38),/img/tires/tm600.png,Сельхоз шины,True,Радиальная,2,2015-10-15 09:47:50,34085r38-124r38-trelleborg-tm-600-133a8130b
326,8,TM 600,Trelleborg,Италия,142A8/142B,380/80R38TL ,/img/tires/tm600.png,Сельхоз шины,True,Радиальная,2,2015-10-15 09:47:50,38080r38tl-trelleborg-tm-600-142a8142b
327,8,Marshland,Trelleborg,Италия,139A8/(139B),380/85R38,/img/tires/marshland.png,Сельхоз шины,True,Радиальная,2,2015-10-15 09:47:50,38085r38-trelleborg-marshland-139a8139b
328,8,Marshland,Trelleborg,Италия,144A8/(144B),420/85R38,/img/tires/marshland.png,Сельхоз шины,True,Радиальная,2,2015-10-15 09:47:50,42085r38-trelleborg-marshland-144a8144b
329,8,TM 600,Trelleborg,Италия,144A8/141B,380/85R38,/img/tires/tm600.png,Сельхоз шины,True,Радиальная,2,2015-10-15 09:47:50,38085r38-trelleborg-tm-600-144a8141b
330,8,TM 600,Trelleborg,Италия,144A8/141B,420/85R38 (16.9R38),/img/tires/tm600.png,Сельхоз шины,True,Радиальная,2,2015-10-15 09:47:50,42085r38-169r38-trelleborg-tm-600-144a8141b
331,8,TM 700,Trelleborg,Италия,145A8/145B,480/70R38,/img/tires/tm700.png,Сельхоз шины,True,Радиальная,2,2015-10-15 09:47:50,48070r38-trelleborg-tm-700-145a8145b
332,8,TM 800,Trelleborg,Италия,147D,540/65R38,/img/tires/tm800.png,Сельхоз шины,True,Радиальная,2,2015-10-15 09:47:50,54065r38-trelleborg-tm-800-147d
333,8,TM 800 HS,Trelleborg,Италия,153D/150E,540/65R38,/img/tires/tm800hs.png,Сельхоз шины,True,Радиальная,2,2015-10-15 09:47:50,54065r38-trelleborg-tm-800-hs-153d150e
334,8,Marshland,Trelleborg,Италия,149A8/(144B),460/85R38,/img/tires/marshland.png,Сельхоз шины,True,Радиальная,2,2015-10-15 09:47:50,46085r38-trelleborg-marshland-149a8144b
335,8,TM 600,Trelleborg,Италия,149A8/146B,460/85R38 (18.4R38),/img/tires/tm600.png,Сельхоз шины,True,Радиальная,2,2015-10-15 09:47:50,46085r38-184r38-trelleborg-tm-600-149a8146b
336,8,TM 700,Trelleborg,Италия,150D,520/70R38,/img/tires/tm700.png,Сельхоз шины,True,Радиальная,2,2015-10-15 09:47:50,52070r38-trelleborg-tm-700-150d
337,8,TM 800,Trelleborg,Италия,153D,600/65R38,/img/tires/tm800.png,Сельхоз шины,True,Радиальная,2,2015-10-15 09:47:50,60065r38-trelleborg-tm-800-153d
338,8,TM 600,Trelleborg,Италия,155A8/152B,520/85R38 (20.8R38),/img/tires/tm600.png,Сельхоз шины,True,Радиальная,2,2015-10-15 09:47:50,52085r38-208r38-trelleborg-tm-600-155a8152b
339,8,TM 700,Trelleborg,Италия,155D,580/70R38,/img/tires/tm700.png,Сельхоз шины,True,Радиальная,2,2015-10-15 09:47:50,58070r38-trelleborg-tm-700-155d
340,8,TM 800,Trelleborg,Италия,157D,650/65R38,/img/tires/tm800.png,Сельхоз шины,True,Радиальная,2,2015-10-15 09:47:50,65065r38-trelleborg-tm-800-157d
341,8,TM 800 HS,Trelleborg,Италия,163D/159E,650/65R38,/img/tires/tm800hs.png,Сельхоз шины,True,Радиальная,2,2015-10-15 09:47:50,65065r38-trelleborg-tm-800-hs-163d159e
342,8,TM 800,Trelleborg,Италия,166D,710/70R38,/img/tires/tm800.png,Сельхоз шины,True,Радиальная,2,2015-10-15 09:47:50,71070r38-trelleborg-tm-800-166d
343,8,TM 800,Trelleborg,Италия,166D,710/70R38TL 166D - Sugar Cane,/img/tires/tm800.png,Сельхоз шины,True,Радиальная,2,2015-10-15 09:47:50,71070r38tl-166d-sugar-cane-trelleborg-tm-800-166d
344,8,TM 800 HS,Trelleborg,Италия,171D//168E,710/70R38,/img/tires/tm800hs.png,Сельхоз шины,True,Радиальная,2,2015-10-15 09:47:50,71070r38-trelleborg-tm-800-hs-171d168e
345,8,TM 900 HP,Trelleborg,Италия,169D,650/75R38,/img/tires/tm900hp.png,Сельхоз шины,True,Радиальная,2,2015-10-15 09:47:50,65075r38-trelleborg-tm-900-hp-169d
346,8,TM 900 HP,Trelleborg,Италия,173D/170E,650/85R38,/img/tires/tm900hp.png,Сельхоз шины,True,Радиальная,2,2015-10-15 09:47:50,65085r38-trelleborg-tm-900-hp-173d170e
347,8,TM 900 HP,Trelleborg,Италия,178D/175E,800/70R38,/img/tires/tm900hp.png,Сельхоз шины,True,Радиальная,2,2015-10-15 09:47:51,80070r38-trelleborg-tm-900-hp-178d175e
348,8,TM 900 HP,Trelleborg,Италия,178D/175E,900/60R38,/img/tires/tm900hp.png,Сельхоз шины,True,Радиальная,2,2015-10-15 09:47:51,90060r38-trelleborg-tm-900-hp-178d175e
349,8,TM 1000 HP,Trelleborg,Италия,163D,IF 650/65R38 163D,/img/tires/tm1000hp.png,Сельхоз шины,True,Радиальная,2,2015-10-15 09:47:51,if-65065r38-163d-trelleborg-tm-1000-hp-163d
350,8,TM 1000 HP,Trelleborg,Италия,172D,IF 710/60R38 164D,/img/tires/tm1000hp.png,Сельхоз шины,True,Радиальная,2,2015-10-15 09:47:51,if-71060r38-164d-trelleborg-tm-1000-hp-172d
351,8,TM 600,Trelleborg,Италия,151A8//151B,480/80R42 (18.4R42),/img/tires/tm600.png,Сельхоз шины,True,Радиальная,2,2015-10-15 09:47:51,48080r42-184r42-trelleborg-tm-600-151a8151b
352,8,TM 800,Trelleborg,Италия,154D,600/65R42,/img/tires/tm800.png,Сельхоз шины,True,Радиальная,2,2015-10-15 09:47:51,60065r42-trelleborg-tm-800-154d
353,8,TM 600,Trelleborg,Италия,157A8/154B,520/85R42 (20.8R42),/img/tires/tm600.png,Сельхоз шины,True,Радиальная,2,2015-10-15 09:47:51,52085r42-208r42-trelleborg-tm-600-157a8154b
354,8,TM 700,Trelleborg,Италия,158D,580/70R42,/img/tires/tm700.png,Сельхоз шины,True,Радиальная,2,2015-10-15 09:47:51,58070r42-trelleborg-tm-700-158d
355,8,TM 700,Trelleborg,Италия,166D,620/70R42,/img/tires/tm700.png,Сельхоз шины,True,Радиальная,2,2015-10-15 09:47:51,62070r42-trelleborg-tm-700-166d
356,8,TM 800,Trelleborg,Италия,158D,650/65R42,/img/tires/tm800.png,Сельхоз шины,True,Радиальная,2,2015-10-15 09:47:51,65065r42-trelleborg-tm-800-158d
357,8,TM 900 HP,Trelleborg,Италия,179A8/179B,710/70R42,/img/tires/tm900hp.png,Сельхоз шины,True,Радиальная,2,2015-10-15 09:47:51,71070r42-trelleborg-tm-900-hp-179a8179b
358,8,TM 900 HP,Trelleborg,Италия,173D/170E,710/70R42,/img/tires/tm900hp.png,Сельхоз шины,True,Радиальная,2,2015-10-15 09:47:51,71070r42-trelleborg-tm-900-hp-173d170e
359,8,TM 1000 HP,Trelleborg,Италия,179D,IF 710/70R42,/img/tires/tm1000hp.png,Сельхоз шины,True,Радиальная,2,2015-10-15 09:47:51,if-71070r42-trelleborg-tm-1000-hp-179d
360,8,TM 900 HP,Trelleborg,Италия,175D/172E,710/75R42,/img/tires/tm900hp.png,Сельхоз шины,True,Радиальная,2,2015-10-15 09:47:51,71075r42-trelleborg-tm-900-hp-175d172e
361,8,TM 1000 HP,Trelleborg,Италия,176D,IF 710/75 R42,/img/tires/tm1000hp.png,Сельхоз шины,True,Радиальная,2,2015-10-15 09:47:51,if-71075-r42-trelleborg-tm-1000-hp-176d
362,8,TM 900 HP,Trelleborg,Италия,180A8/177D,900/60R42,/img/tires/tm900hp.png,Сельхоз шины,True,Радиальная,2,2015-10-15 09:47:51,90060r42-trelleborg-tm-900-hp-180a8177d
363,8,TM 1000 HP,Trelleborg,Италия,180D,IF 900/60R42,/img/tires/tm1000hp.png,Сельхоз шины,True,Радиальная,2,2015-10-15 09:47:51,if-90060r42-trelleborg-tm-1000-hp-180d
364,8,TM 600,Trelleborg,Италия,158A8//158B,480/80R46 (18.4R46),/img/tires/tm600.png,Сельхоз шины,True,Радиальная,2,2015-10-15 09:47:51,48080r46-184r46-trelleborg-tm-600-158a8158b
365,8,TM 600,Trelleborg,Италия,158A8/158B,520/85R46 (20.8R46),/img/tires/tm600.png,Сельхоз шины,True,Радиальная,2,2015-10-15 09:47:51,52085r46-208r46-trelleborg-tm-600-158a8158b
366,8,TM 1000 HP,Trelleborg,Италия,180D,IF 750/75R46,/img/tires/tm1000hp.png,Сельхоз шины,True,Радиальная,2,2015-10-15 09:47:51,if-75075r46-trelleborg-tm-1000-hp-180d
367,8,TM 1000 HP,Trelleborg,Италия,190D,IF 900/65R46,/img/tires/tm1000hp.png,Сельхоз шины,True,Радиальная,2,2015-10-15 09:47:51,if-90065r46-trelleborg-tm-1000-hp-190d
368,8,TM 600,Trelleborg,Италия,159D,480/80R50 (18.4R50),/img/tires/tm600.png,Сельхоз шины,True,Радиальная,2,2015-10-15 09:47:51,48080r50-184r50-trelleborg-tm-600-159d
369,8,ТМ 100,Trelleborg,Италия,128A8/128B,230/95R32,/img/tires/tm100.png,Сельхоз шины,True,Радиальная,2,2015-10-15 09:47:51,23095r32-trelleborg-tm-100-128a8128b
370,8,ТМ 100,Trelleborg,Италия,136A8/136B,270/95R32,/img/tires/tm100.png,Сельхоз шины,True,Радиальная,2,2015-10-15 09:47:51,27095r32-trelleborg-tm-100-136a8136b
371,8,ТМ 100,Trelleborg,Италия,130A8/130B,230/95R36,/img/tires/tm100.png,Сельхоз шины,True,Радиальная,2,2015-10-15 09:47:51,23095r36-trelleborg-tm-100-130a8130b
372,8,ТМ 100,Trelleborg,Италия,140A8/140B,270/95R38,/img/tires/tm100.png,Сельхоз шины,True,Радиальная,2,2015-10-15 09:47:51,27095r38-trelleborg-tm-100-140a8140b
373,8,ТМ 100,Trelleborg,Италия,120A8/120B,210/95R44,/img/tires/tm100.png,Сельхоз шины,True,Радиальная,2,2015-10-15 09:47:51,21095r44-trelleborg-tm-100-120a8120b
374,8,ТМ 100,Trelleborg,Италия,134A8/134B,230/95R44,/img/tires/tm100.png,Сельхоз шины,True,Радиальная,2,2015-10-15 09:47:51,23095r44-trelleborg-tm-100-134a8134b
375,8,ТМ 100,Trelleborg,Италия,142A8/142B,270/95R44,/img/tires/tm100.png,Сельхоз шины,True,Радиальная,2,2015-10-15 09:47:51,27095r44-trelleborg-tm-100-142a8142b
376,8,ТМ 100,Trelleborg,Италия,148A8/148B,300/95R46,/img/tires/tm100.png,Сельхоз шины,True,Радиальная,2,2015-10-15 09:47:51,30095r46-trelleborg-tm-100-148a8148b
377,8,ТМ 100,Trelleborg,Италия,136A8/136B,230/95R48,/img/tires/tm100.png,Сельхоз шины,True,Радиальная,2,2015-10-15 09:47:52,23095r48-trelleborg-tm-100-136a8136b
378,8,ТМ 100,Trelleborg,Италия,144A8/144B,270/95R48,/img/tires/tm100.png,Сельхоз шины,True,Радиальная,2,2015-10-15 09:47:52,27095r48-trelleborg-tm-100-144a8144b
379,8,ТМ 100,Trelleborg,Италия,151A8/151B,380/90R50,/img/tires/tm100.png,Сельхоз шины,True,Радиальная,2,2015-10-15 09:47:52,38090r50-trelleborg-tm-100-151a8151b
380,8,ТМ 100,Trelleborg,Италия,151A8,300/95R52 ,/img/tires/tm100.png,Сельхоз шины,True,Радиальная,2,2015-10-15 09:47:52,30095r52-trelleborg-tm-100-151a8
381,8,ТМ 100,Trelleborg,Италия,152A8/152B,380/90R54,/img/tires/tm100.png,Сельхоз шины,True,Радиальная,2,2015-10-15 09:47:52,38090r54-trelleborg-tm-100-152a8152b
382,8,TM 2000,Trelleborg,Италия,166A8,620/75R26,/img/tires/tm2000.png,Сельхоз шины,True,Радиальная,2,2015-10-15 09:47:52,62075r26-trelleborg-tm-2000-166a8
383,8,TM 2000,Trelleborg,Италия,172A8,650/75R32,/img/tires/tm2000.png,Сельхоз шины,True,Радиальная,2,2015-10-15 09:47:52,65075r32-trelleborg-tm-2000-172a8
384,8,TM 2000,Trelleborg,Италия,177A8,710/75R32,/img/tires/tm2000.png,Сельхоз шины,True,Радиальная,2,2015-10-15 09:47:52,71075r32-trelleborg-tm-2000-177a8
385,8,TM 2000,Trelleborg,Италия,178A8,800/65R32,/img/tires/tm2000.png,Сельхоз шины,True,Радиальная,2,2015-10-15 09:47:52,80065r32-trelleborg-tm-2000-178a8
386,8,TM 2000,Trelleborg,Италия,181A8,900/60R32,/img/tires/tm2000.png,Сельхоз шины,True,Радиальная,2,2015-10-15 09:47:52,90060r32-trelleborg-tm-2000-181a8
387,8,TM 3000,Trelleborg,Италия,178A8,IF 800/65R32 CFO,/img/tires/tm3000.png,Сельхоз шины,True,Радиальная,2,2015-10-15 09:47:52,if-80065r32-cfo-trelleborg-tm-3000-178a8
388,8,TM 3000,Trelleborg,Италия,182A8,IF 800/70R32 ,/img/tires/tm3000.png,Сельхоз шины,True,Радиальная,2,2015-10-15 09:47:52,if-80070r32-trelleborg-tm-3000-182a8
389,8,TM 3000,Trelleborg,Италия,184A8,IF 800/70R38 CFO 184A8,/img/tires/tm3000.png,Сельхоз шины,True,Радиальная,2,2015-10-15 09:47:52,if-80070r38-cfo-184a8-trelleborg-tm-3000-184a8
390,8,Twin Radial ,Trelleborg,Италия,155D,500/60R22.5,/img/tires/twinradial.png,Сельхоз шины,True,Радиальная,2,2015-10-15 09:47:52,50060r225-trelleborg-twin-radial-155d
391,8,Twin Radial ,Trelleborg,Италия,161D,560/60R22.5,/img/tires/twinradial.png,Сельхоз шины,True,Радиальная,2,2015-10-15 09:47:52,56060r225-trelleborg-twin-radial-161d
392,8,Twin Radial ,Trelleborg,Италия,159D,580/65R22.5,/img/tires/twinradial.png,Сельхоз шины,True,Радиальная,2,2015-10-15 09:47:52,58065r225-trelleborg-twin-radial-159d
393,8,Twin Radial ,Trelleborg,Италия,159D,600/50R22.5,/img/tires/twinradial.png,Сельхоз шины,True,Радиальная,2,2015-10-15 09:47:52,60050r225-trelleborg-twin-radial-159d
394,8,Twin Radial ,Trelleborg,Италия,165D,600/55R26.5,/img/tires/twinradial.png,Сельхоз шины,True,Радиальная,2,2015-10-15 09:47:52,60055r265-trelleborg-twin-radial-165d
395,8,Twin Radial ,Trelleborg,Италия,165D,680/55R26.5,/img/tires/twinradial.png,Сельхоз шины,True,Радиальная,2,2015-10-15 09:47:52,68055r265-trelleborg-twin-radial-165d
396,8,Twin Radial ,Trelleborg,Италия,170D,710/50R26.5,/img/tires/twinradial.png,Сельхоз шины,True,Радиальная,2,2015-10-15 09:47:52,71050r265-trelleborg-twin-radial-170d
397,8,Twin Radial ,Trelleborg,Италия,176D,650/65R30.5,/img/tires/twinradial.png,Сельхоз шины,True,Радиальная,2,2015-10-15 09:47:52,65065r305-trelleborg-twin-radial-176d
398,8,Twin Radial ,Trelleborg,Италия,181D,750/60R30.5,/img/tires/twinradial.png,Сельхоз шины,True,Радиальная,2,2015-10-15 09:47:52,75060r305-trelleborg-twin-radial-181d
399,8,Twin Radial ,Trelleborg,Италия,182D,850/50R30.5,/img/tires/twinradial.png,Сельхоз шины,True,Радиальная,2,2015-10-15 09:47:52,85050r305-trelleborg-twin-radial-182d
400,8,T414,Trelleborg,Италия,125A8,400/55-17.5,/img/tires/t414.png,Сельхоз шины,True,Диагональная,2,2015-10-15 09:47:52,40055-175-trelleborg-t414-125a8
401,8,T414,Trelleborg,Италия,141A8,500/60-26.5,/img/tires/t414.png,Сельхоз шины,True,Диагональная,2,2015-10-15 09:47:52,50060-265-trelleborg-t414-141a8
402,8,T414,Trelleborg,Италия,148A8,600/55-26.5,/img/tires/t414.png,Сельхоз шины,True,Диагональная,2,2015-10-15 09:47:52,60055-265-trelleborg-t414-148a8
403,8,T414,Trelleborg,Италия,150A8,600/55-30.5,/img/tires/t414.png,Сельхоз шины,True,Диагональная,2,2015-10-15 09:47:52,60055-305-trelleborg-t414-150a8
404,8,T414,Trelleborg,Италия,153A8,600/60-30.5,/img/tires/t414.png,Сельхоз шины,True,Диагональная,2,2015-10-15 09:47:52,60060-305-trelleborg-t414-153a8
405,8,T414,Trelleborg,Италия,143A8,750/45-30.5,/img/tires/t414.png,Сельхоз шины,True,Диагональная,2,2015-10-15 09:47:52,75045-305-trelleborg-t414-143a8
406,8,T414,Trelleborg,Италия,159A8,750/50-30.5,/img/tires/t414.png,Сельхоз шины,True,Диагональная,2,2015-10-15 09:47:52,75050-305-trelleborg-t414-159a8
407,8,T414,Trelleborg,Италия,172A8,800/55-30.5,/img/tires/t414.png,Сельхоз шины,True,Диагональная,2,2015-10-15 09:47:52,80055-305-trelleborg-t414-172a8
408,8,T414,Trelleborg,Италия,176A8,900/60-32,/img/tires/t414.png,Сельхоз шины,True,Диагональная,2,2015-10-15 09:47:52,90060-32-trelleborg-t414-176a8
409,8,T414,Trelleborg,Италия,155A8,710/55-34,/img/tires/t414.png,Сельхоз шины,True,Диагональная,2,2015-10-15 09:47:52,71055-34-trelleborg-t414-155a8
410,8,T414,Trelleborg,Италия,161A8,650/60-38,/img/tires/t414.png,Сельхоз шины,True,Диагональная,2,2015-10-15 09:47:52,65060-38-trelleborg-t414-161a8
411,8,T414,Trelleborg,Италия,161A8,710/65-38,/img/tires/t414.png,Сельхоз шины,True,Диагональная,2,2015-10-15 09:47:52,71065-38-trelleborg-t414-161a8
412,8,T414,Trelleborg,Италия,163A8,850/50-38,/img/tires/t414.png,Сельхоз шины,True,Диагональная,2,2015-10-15 09:47:52,85050-38-trelleborg-t414-163a8
413,8,T414,Trelleborg,Италия,175A8,850/60-38,/img/tires/t414.png,Сельхоз шины,True,Диагональная,2,2015-10-15 09:47:52,85060-38-trelleborg-t414-175a8
414,8,T414,Trelleborg,Италия,161A8,850/55-42,/img/tires/t414.png,Сельхоз шины,True,Диагональная,2,2015-10-15 09:47:52,85055-42-trelleborg-t414-161a8
415,8,T421,Trelleborg,Италия,115A8,280/60-15.5,/img/tires/t421.png,Сельхоз шины,True,Диагональная,2,2015-10-15 09:47:52,28060-155-trelleborg-t421-115a8
416,8,T478,Trelleborg,Италия,128A8,280/60-15.5,/img/tires/t478.png,Сельхоз шины,True,Диагональная,2,2015-10-15 09:47:52,28060-155-trelleborg-t478-128a8
417,8,T404,Trelleborg,Италия,145A8,400/60-15.5,/img/tires/t404.png,Сельхоз шины,True,Диагональная,2,2015-10-15 09:47:52,40060-155-trelleborg-t404-145a8
418,8,T478,Trelleborg,Италия,145A8,400/60-15.5,/img/tires/t478.png,Сельхоз шины,True,Диагональная,2,2015-10-15 09:47:52,40060-155-trelleborg-t478-145a8
419,8,T421,Trelleborg,Италия,133A8,420/55-17,/img/tires/t421.png,Сельхоз шины,True,Диагональная,2,2015-10-15 09:47:52,42055-17-trelleborg-t421-133a8
420,8,T404,Trelleborg,Италия,131A8,400/55-17.5,/img/tires/t404.png,Сельхоз шины,True,Диагональная,2,2015-10-15 09:47:52,40055-175-trelleborg-t404-131a8
421,8,T404,Trelleborg,Италия,147A8,400/55-22.5,/img/tires/t404.png,Сельхоз шины,True,Диагональная,2,2015-10-15 09:47:53,40055-225-trelleborg-t404-147a8
422,8,T404,Trelleborg,Италия,146A8,500/45-22.5,/img/tires/t404.png,Сельхоз шины,True,Диагональная,2,2015-10-15 09:47:53,50045-225-trelleborg-t404-146a8
423,8,T404,Trelleborg,Италия,154A8,560/45-22.5,/img/tires/t404.png,Сельхоз шины,True,Диагональная,2,2015-10-15 09:47:53,56045-225-trelleborg-t404-154a8
424,8,T404,Trelleborg,Италия,155A8,500/60-22.5,/img/tires/t404.png,Сельхоз шины,True,Диагональная,2,2015-10-15 09:47:53,50060-225-trelleborg-t404-155a8
425,8,T421,Trelleborg,Италия,155A8,500/60-22.5,/img/tires/t421.png,Сельхоз шины,True,Диагональная,2,2015-10-15 09:47:53,50060-225-trelleborg-t421-155a8
426,8,T404,Trelleborg,Италия,158A8,560/60-22.5,/img/tires/t404.png,Сельхоз шины,True,Диагональная,2,2015-10-15 09:47:53,56060-225-trelleborg-t404-158a8
427,8,T404,Trelleborg,Италия,167A8,560/60-22.5,/img/tires/t404.png,Сельхоз шины,True,Диагональная,2,2015-10-15 09:47:53,56060-225-trelleborg-t404-167a8
428,8,T404,Trelleborg,Италия,156A8,600/50-22.5,/img/tires/t404.png,Сельхоз шины,True,Диагональная,2,2015-10-15 09:47:53,60050-225-trelleborg-t404-156a8
429,8,T423,Trelleborg,Италия,156A8,600/50-22.5,/img/tires/t423.png,Сельхоз шины,True,Диагональная,2,2015-10-15 09:47:53,60050-225-trelleborg-t423-156a8
430,8,T404,Trelleborg,Италия,158A8,710/40-22.5,/img/tires/t404.png,Сельхоз шины,True,Диагональная,2,2015-10-15 09:47:53,71040-225-trelleborg-t404-158a8
431,8,T404,Trelleborg,Италия,147A8,400/60-26.5,/img/tires/t404.png,Сельхоз шины,True,Диагональная,2,2015-10-15 09:47:53,40060-265-trelleborg-t404-147a8
432,8,T421,Trelleborg,Италия,159A8,500/60-26.5,/img/tires/t421.png,Сельхоз шины,True,Диагональная,2,2015-10-15 09:47:53,50060-265-trelleborg-t421-159a8
433,8,T404,Trelleborg,Италия,166A8,600/55-26.5,/img/tires/t404.png,Сельхоз шины,True,Диагональная,2,2015-10-15 09:47:53,60055-265-trelleborg-t404-166a8
434,8,T421,Trelleborg,Италия,166A8,600/55-26.5,/img/tires/t421.png,Сельхоз шины,True,Диагональная,2,2015-10-15 09:47:53,60055-265-trelleborg-t421-166a8
435,8,T404,Trelleborg,Италия,169A8,710/45-26.5,/img/tires/t404.png,Сельхоз шины,True,Диагональная,2,2015-10-15 09:47:53,71045-265-trelleborg-t404-169a8
436,8,T423,Trelleborg,Италия,169A8,710/45-26.5,/img/tires/t423.png,Сельхоз шины,True,Диагональная,2,2015-10-15 09:47:53,71045-265-trelleborg-t423-169a8
437,8,T404,Trelleborg,Италия,172A8,800/40-26.5,/img/tires/t404.png,Сельхоз шины,True,Диагональная,2,2015-10-15 09:47:53,80040-265-trelleborg-t404-172a8
438,8,T423,Trelleborg,Италия,172A8,800/40-26.5,/img/tires/t423.png,Сельхоз шины,True,Диагональная,2,2015-10-15 09:47:53,80040-265-trelleborg-t423-172a8
439,8,T421,Trelleborg,Италия,171A8,600/60-30.5,/img/tires/t421.png,Сельхоз шины,True,Диагональная,2,2015-10-15 09:47:53,60060-305-trelleborg-t421-171a8
440,8,T404,Trelleborg,Италия,173A8,650/65-30.5,/img/tires/t404.png,Сельхоз шины,True,Диагональная,2,2015-10-15 09:47:53,65065-305-trelleborg-t404-173a8
441,8,T404,Trelleborg,Италия,175A8,710/50-30.5,/img/tires/t404.png,Сельхоз шины,True,Диагональная,2,2015-10-15 09:47:53,71050-305-trelleborg-t404-175a8
442,8,T423,Trelleborg,Италия,175A8,710/50-30.5,/img/tires/t423.png,Сельхоз шины,True,Диагональная,2,2015-10-15 09:47:53,71050-305-trelleborg-t423-175a8
443,8,T404,Trelleborg,Италия,178A8,750/60-30.5,/img/tires/t404.png,Сельхоз шины,True,Диагональная,2,2015-10-15 09:47:53,75060-305-trelleborg-t404-178a8
444,8,T421,Trelleborg,Италия,178A8,750/60-30.5,/img/tires/t421.png,Сельхоз шины,True,Диагональная,2,2015-10-15 09:47:53,75060-305-trelleborg-t421-178a8
445,8,T404,Trelleborg,Италия,178A8,800/45-30.5,/img/tires/t404.png,Сельхоз шины,True,Диагональная,2,2015-10-15 09:47:53,80045-305-trelleborg-t404-178a8
446,8,T423,Trelleborg,Италия,178A8,800/45-30.5,/img/tires/t423.png,Сельхоз шины,True,Диагональная,2,2015-10-15 09:47:53,80045-305-trelleborg-t423-178a8
447,8,T404,Trelleborg,Италия,179A8,850/50-30.5,/img/tires/t404.png,Сельхоз шины,True,Диагональная,2,2015-10-15 09:47:53,85050-305-trelleborg-t404-179a8
448,8,T423,Trelleborg,Италия,160D,"620/50B22,5",/img/tires/t423.png,Сельхоз шины,True,Диагональная,2,2015-10-15 09:47:53,62050b225-trelleborg-t423-160d
449,8,T422,Trelleborg,Италия,160D,"650/45B22,5",/img/tires/t422.png,Сельхоз шины,True,Диагональная,2,2015-10-15 09:47:53,65045b225-trelleborg-t422-160d
450,8,T423,Trelleborg,Италия,161D,"710/40B22,5",/img/tires/t423.png,Сельхоз шины,True,Диагональная,2,2015-10-15 09:47:53,71040b225-trelleborg-t423-161d
451,8,T421,Trelleborg,Италия,166D,"620/55B26,5",/img/tires/t421.png,Сельхоз шины,True,Диагональная,2,2015-10-15 09:47:53,62055b265-trelleborg-t421-166d
452,8,T428,Trelleborg,Италия,172D,"650/60-26,5",/img/tires/t428.png,Сельхоз шины,True,Диагональная,2,2015-10-15 09:47:53,65060-265-trelleborg-t428-172d
453,8,T428,Trelleborg,Италия,168D,"650/55B30,5",/img/tires/t428.png,Сельхоз шины,True,Диагональная,2,2015-10-15 09:47:53,65055b305-trelleborg-t428-168d
454,8,T428,Trelleborg,Италия,173D,"750/50B30,5",/img/tires/t428.png,Сельхоз шины,True,Диагональная,2,2015-10-15 09:47:53,75050b305-trelleborg-t428-173d
455,8,T423,Trelleborg,Италия,176D,"850/45B30,5",/img/tires/t423.png,Сельхоз шины,True,Диагональная,2,2015-10-15 09:47:53,85045b305-trelleborg-t423-176d
456,8,T428 EXC,Trelleborg,Италия,161A8,600/50-22.5,/img/tires/t428exc.png,Индустриальные шины,True,Диагональная,2,2015-10-15 09:47:53,60050-225-trelleborg-t428-exc-161a8
457,8,T422 EXC,Trelleborg,Италия,162A8,650/45-22.5,/img/tires/t422exc.png,Индустриальные шины,True,Диагональная,2,2015-10-15 09:47:54,65045-225-trelleborg-t422-exc-162a8
458,8,T428 EXC,Trelleborg,Италия,163A8,710/40-22.5,/img/tires/t428exc.png,Индустриальные шины,True,Диагональная,2,2015-10-15 09:47:54,71040-225-trelleborg-t428-exc-163a8
459,8,T459HD,Trelleborg,Италия,154A8,420/70B24,/img/tires/t459hd.png,Индустриальные шины,True,Диагональная,2,2015-10-15 09:47:54,42070b24-trelleborg-t459hd-154a8
460,8,T459HD,Trelleborg,Италия,157A8,480/70B28,/img/tires/t459hd.png,Индустриальные шины,True,Диагональная,2,2015-10-15 09:47:54,48070b28-trelleborg-t459hd-157a8
461,8,T459HD,Trelleborg,Италия,162A8,520/70B30,/img/tires/t459hd.png,Индустриальные шины,True,Диагональная,2,2015-10-15 09:47:54,52070b30-trelleborg-t459hd-162a8
462,8,T459HD,Trelleborg,Италия,171A8,520/70B34,/img/tires/t459hd.png,Индустриальные шины,True,Диагональная,2,2015-10-15 09:47:54,52070b34-trelleborg-t459hd-171a8
463,8,T459HD,Trelleborg,Италия,175A8,620/60B34,/img/tires/t459hd.png,Индустриальные шины,True,Диагональная,2,2015-10-15 09:47:54,62060b34-trelleborg-t459hd-175a8
464,8,T409,Trelleborg,Италия,158A8,23.1-26,/img/tires/t409.png,Индустриальные шины,True,Диагональная,2,2015-10-15 09:47:54,231-26-trelleborg-t409-158a8
465,8,T307,Trelleborg,Италия,97A8,"200/95-12 (7,00-12)",/img/tires/t307.png,Сельхоз шины,True,Диагональная,2,2015-10-15 09:47:54,20095-12-700-12-trelleborg-t307-97a8
466,8,AF 302,Trelleborg,Италия,101A8,"200/95-12 (7,00-12)",/img/tires/af302.png,Сельхоз шины,True,Диагональная,2,2015-10-15 09:47:54,20095-12-700-12-trelleborg-af-302-101a8
467,8,AW 305,Trelleborg,Италия,8 PR,10.0/80-12,/img/tires/aw305.png,Сельхоз шины,True,Диагональная,2,2015-10-15 09:47:54,10080-12-trelleborg-aw-305-8-pr
468,8,AW 305,Trelleborg,Италия,10 PR,10.0/80-12,/img/tires/aw305.png,Сельхоз шины,True,Диагональная,2,2015-10-15 09:47:54,10080-12-trelleborg-aw-305-10-pr
469,8,AF 302,Trelleborg,Италия,121A8,"260/90-13 (9,00-13)",/img/tires/af302.png,Сельхоз шины,True,Диагональная,2,2015-10-15 09:47:54,26090-13-900-13-trelleborg-af-302-121a8
470,8,AW 305,Trelleborg,Италия,116A8,"260/70-15.3 (10,0/75-15,3)",/img/tires/aw305.png,Сельхоз шины,True,Диагональная,2,2015-10-15 09:47:54,26070-153-10075-153-trelleborg-aw-305-116a8
471,8,AW 305,Trelleborg,Италия,126A8,"260/70-15.3 (10,0/75-15,3)",/img/tires/aw305.png,Сельхоз шины,True,Диагональная,2,2015-10-15 09:47:54,26070-153-10075-153-trelleborg-aw-305-126a8
472,8,AW 305,Trelleborg,Италия,131A8,"260/70-15.3 (10,0/75-15,3)",/img/tires/aw305.png,Сельхоз шины,True,Диагональная,2,2015-10-15 09:47:54,26070-153-10075-153-trelleborg-aw-305-131a8
473,8,AW 305,Trelleborg,Италия,132A8,"300/80-15.3 (11,5/80-15,3)",/img/tires/aw305.png,Сельхоз шины,True,Диагональная,2,2015-10-15 09:47:54,30080-153-11580-153-trelleborg-aw-305-132a8
474,8,AW 305,Trelleborg,Италия,141A8,"300/80-15.3 (11,5/80-15,3)",/img/tires/aw305.png,Сельхоз шины,True,Диагональная,2,2015-10-15 09:47:54,30080-153-11580-153-trelleborg-aw-305-141a8
475,8,T452,Trelleborg,Италия,132A8,"300/80-15,3 (11,5/80-15,3)",/img/tires/t452.png,Сельхоз шины,True,Диагональная,2,2015-10-15 09:47:54,30080-153-11580-153-trelleborg-t452-132a8
476,8,AW 305,Trelleborg,Италия,145A8,"320/80-15.3 (12,5/80-15,3)",/img/tires/aw305.png,Сельхоз шины,True,Диагональная,2,2015-10-15 09:47:54,32080-153-12580-153-trelleborg-aw-305-145a8
477,8,AF 302,Trelleborg,Италия,100A8,"180/90-16 (6,00-16)",/img/tires/af302.png,Сельхоз шины,True,Диагональная,2,2015-10-15 09:47:54,18090-16-600-16-trelleborg-af-302-100a8
478,8,AF 302,Trelleborg,Италия,108A8,"190/90-16 (6,50-16)",/img/tires/af302.png,Сельхоз шины,True,Диагональная,2,2015-10-15 09:47:54,19090-16-650-16-trelleborg-af-302-108a8
479,8,AF 302,Trelleborg,Италия,111A8,"200/90-16 (7,00-16)",/img/tires/af302.png,Сельхоз шины,True,Диагональная,2,2015-10-15 09:47:54,20090-16-700-16-trelleborg-af-302-111a8
480,8,AF 302,Trelleborg,Италия,120A8,"210/95-16 (7,50-16)",/img/tires/af302.png,Сельхоз шины,True,Диагональная,2,2015-10-15 09:47:54,21095-16-750-16-trelleborg-af-302-120a8
481,8,AW 305,Trelleborg,Италия,134A8,"260/70-16 (10,5/65-16)",/img/tires/aw305.png,Сельхоз шины,True,Диагональная,2,2015-10-15 09:47:54,26070-16-10565-16-trelleborg-aw-305-134a8
482,8,AW 305,Trelleborg,Италия,140A8,"340/55-16 (13,0/55-16)",/img/tires/aw305.png,Сельхоз шины,True,Диагональная,2,2015-10-15 09:47:54,34055-16-13055-16-trelleborg-aw-305-140a8
483,8,AW 305,Trelleborg,Италия,137A8,"360/70-16 (13,0/75-16)",/img/tires/aw305.png,Сельхоз шины,True,Диагональная,2,2015-10-15 09:47:54,36070-16-13075-16-trelleborg-aw-305-137a8
484,8,AW 305,Trelleborg,Италия,148A8,"360/65-16 (14,0/65-16)",/img/tires/aw305.png,Сельхоз шины,True,Диагональная,2,2015-10-15 09:47:54,36065-16-14065-16-trelleborg-aw-305-148a8
485,8,AW 305,Trelleborg,Италия,138A8,"380/55-17 (15,0/55-17)",/img/tires/aw305.png,Сельхоз шины,True,Диагональная,2,2015-10-15 09:47:54,38055-17-15055-17-trelleborg-aw-305-138a8
486,8,AW 305,Trelleborg,Италия,146A8,"480/45-17 (19,0/45-17)",/img/tires/aw305.png,Сельхоз шины,True,Диагональная,2,2015-10-15 09:47:54,48045-17-19045-17-trelleborg-aw-305-146a8
487,8,AW309,Trelleborg,Италия,149A8,500/50-17,/img/tires/aw309.png,Сельхоз шины,True,Диагональная,2,2015-10-15 09:47:54,50050-17-trelleborg-aw309-149a8
488,8,T306,Trelleborg,Италия,159A8,520/50-17,/img/tires/t306.png,Сельхоз шины,True,Диагональная,2,2015-10-15 09:47:54,52050-17-trelleborg-t306-159a8
489,8,RT HS,Trelleborg,Италия,154F,555/45-17,/img/tires/rths.png,Сельхоз шины,True,Диагональная,2,2015-10-15 09:47:54,55545-17-trelleborg-rt-hs-154f
490,8,TD27,Trelleborg,Италия,4 PR (66A6),4.00-15,/img/tires/td27.png,Сельхоз шины,True,Диагональная,2,2015-10-15 09:47:54,400-15-trelleborg-td27-4-pr-66a6
491,8,TD27,Trelleborg,Италия,6 PR (82A6),5.00-15,/img/tires/td27.png,Сельхоз шины,True,Диагональная,2,2015-10-15 09:47:54,500-15-trelleborg-td27-6-pr-82a6
492,8,TD27,Trelleborg,Италия,6 PR (86A6),5.50-16,/img/tires/td27.png,Сельхоз шины,True,Диагональная,2,2015-10-15 09:47:54,550-16-trelleborg-td27-6-pr-86a6
493,8,TD27,Trelleborg,Италия,8 PR (94A6),6.00-16,/img/tires/td27.png,Сельхоз шины,True,Диагональная,2,2015-10-15 09:47:54,600-16-trelleborg-td27-8-pr-94a6
494,8,TD27,Trelleborg,Италия,8 PR (98A6),6.50-16,/img/tires/td27.png,Сельхоз шины,True,Диагональная,2,2015-10-15 09:47:54,650-16-trelleborg-td27-8-pr-98a6
495,8,TD27,Trelleborg,Италия,8 PR (103A6),7.50-16,/img/tires/td27.png,Сельхоз шины,True,Диагональная,2,2015-10-15 09:47:54,750-16-trelleborg-td27-8-pr-103a6
496,8,TD27,Trelleborg,Италия,10 PR (109A6),7.50-16,/img/tires/td27.png,Сельхоз шины,True,Диагональная,2,2015-10-15 09:47:54,750-16-trelleborg-td27-10-pr-109a6
497,8,TD300,Trelleborg,Италия,8 PR (103A6),7.50-16,/img/tires/td300.png,Сельхоз шины,True,Диагональная,2,2015-10-15 09:47:54,750-16-trelleborg-td300-8-pr-103a6
498,8,TD300,Trelleborg,Италия,8 PR (111A6),9.00-16,/img/tires/td300.png,Сельхоз шины,True,Диагональная,2,2015-10-15 09:47:54,900-16-trelleborg-td300-8-pr-111a6
499,8,TD300,Trelleborg,Италия,8 PR (106A6),7.50-18,/img/tires/td300.png,Сельхоз шины,True,Диагональная,2,2015-10-15 09:47:54,750-18-trelleborg-td300-8-pr-106a6
500,8,TD300,Trelleborg,Италия,10 PR (112A6),7.50-18,/img/tires/td300.png,Сельхоз шины,True,Диагональная,2,2015-10-15 09:47:54,750-18-trelleborg-td300-10-pr-112a6
501,8,TD27,Trelleborg,Италия,6 PR (93A6),6.00-19,/img/tires/td27.png,Сельхоз шины,True,Диагональная,2,2015-10-15 09:47:55,600-19-trelleborg-td27-6-pr-93a6
502,8,TD300,Trelleborg,Италия,6 PR (103A6),7.50-20,/img/tires/td300.png,Сельхоз шины,True,Диагональная,2,2015-10-15 09:47:55,750-20-trelleborg-td300-6-pr-103a6
503,8,IM110,Trelleborg,Италия,4 PR (74A8),5.0-10,/img/tires/im110.png,Сельхоз шины,True,Диагональная,2,2015-10-15 09:47:55,50-10-trelleborg-im110-4-pr-74a8
504,8,IM110,Trelleborg,Италия,2 PR (54A8),4.00-12,/img/tires/im110.png,Сельхоз шины,True,Диагональная,2,2015-10-15 09:47:55,400-12-trelleborg-im110-2-pr-54a8
505,8,IM110,Trelleborg,Италия,4 PR (74A8),5.00-12,/img/tires/im110.png,Сельхоз шины,True,Диагональная,2,2015-10-15 09:47:55,500-12-trelleborg-im110-4-pr-74a8
506,8,IM110,Trelleborg,Италия,4 PR (84A8),6.5/80-12,/img/tires/im110.png,Сельхоз шины,True,Диагональная,2,2015-10-15 09:47:55,6580-12-trelleborg-im110-4-pr-84a8
507,8,IM110,Trelleborg,Италия,6 PR (95A8),7.00-12,/img/tires/im110.png,Сельхоз шины,True,Диагональная,2,2015-10-15 09:47:55,700-12-trelleborg-im110-6-pr-95a8
508,8,IM110,Trelleborg,Италия,6 PR (110A8),10.0/80-12,/img/tires/im110.png,Сельхоз шины,True,Диагональная,2,2015-10-15 09:47:55,10080-12-trelleborg-im110-6-pr-110a8
509,8,IM110,Trelleborg,Италия,4 PR (73A8),5.00-14,/img/tires/im110.png,Сельхоз шины,True,Диагональная,2,2015-10-15 09:47:55,500-14-trelleborg-im110-4-pr-73a8
510,8,IM110,Trelleborg,Италия,6 PR (88A8),5.00-15,/img/tires/im110.png,Сельхоз шины,True,Диагональная,2,2015-10-15 09:47:55,500-15-trelleborg-im110-6-pr-88a8
511,8,IM110,Trelleborg,Италия,4 PR (90A8),6.5/80-15,/img/tires/im110.png,Сельхоз шины,True,Диагональная,2,2015-10-15 09:47:55,6580-15-trelleborg-im110-4-pr-90a8
512,8,IM110,Trelleborg,Италия,8 PR (113A8),7.5L-15,/img/tires/im110.png,Сельхоз шины,True,Диагональная,2,2015-10-15 09:47:55,75l-15-trelleborg-im110-8-pr-113a8
513,8,IM110,Trelleborg,Италия,8 PR (119A8),10.0/75-15.3,/img/tires/im110.png,Сельхоз шины,True,Диагональная,2,2015-10-15 09:47:55,10075-153-trelleborg-im110-8-pr-119a8
514,8,IM110,Trelleborg,Италия,8 PR (103A8),6.00-16,/img/tires/im110.png,Сельхоз шины,True,Диагональная,2,2015-10-15 09:47:55,600-16-trelleborg-im110-8-pr-103a8
515,8,IM110,Trelleborg,Италия,8 PR (105A8),6.50-16,/img/tires/im110.png,Сельхоз шины,True,Диагональная,2,2015-10-15 09:47:55,650-16-trelleborg-im110-8-pr-105a8
516,8,IM110,Trelleborg,Италия,8 PR (112A8),7.50-16,/img/tires/im110.png,Сельхоз шины,True,Диагональная,2,2015-10-15 09:47:55,750-16-trelleborg-im110-8-pr-112a8
517,8,IM110,Trelleborg,Италия,8 PR (112A8),7.50-16,/img/tires/im110.png,Сельхоз шины,True,Диагональная,2,2015-10-15 09:47:55,750-16-trelleborg-im110-8-pr-112a8
518,8,IM110,Trelleborg,Италия,8 PR (116A8),8.25-16,/img/tires/im110.png,Сельхоз шины,True,Диагональная,2,2015-10-15 09:47:55,825-16-trelleborg-im110-8-pr-116a8
519,8,IM110,Trelleborg,Италия,6 PR (111A8),9.0/75-16,/img/tires/im110.png,Сельхоз шины,True,Диагональная,2,2015-10-15 09:47:55,9075-16-trelleborg-im110-6-pr-111a8
520,8,IM110,Trelleborg,Италия,8 PR (125A8),250/80-16,/img/tires/im110.png,Сельхоз шины,True,Диагональная,2,2015-10-15 09:47:55,25080-16-trelleborg-im110-8-pr-125a8
521,8,IM110,Trelleborg,Италия,6 PR (106A8),7.50-18,/img/tires/im110.png,Сельхоз шины,True,Диагональная,2,2015-10-15 09:47:55,750-18-trelleborg-im110-6-pr-106a8
522,8,IM110,Trelleborg,Италия,8 PR (127A8),250/80-18,/img/tires/im110.png,Сельхоз шины,True,Диагональная,2,2015-10-15 09:47:55,25080-18-trelleborg-im110-8-pr-127a8
523,8,IM110,Trelleborg,Италия,2 PR (66A8),4.50-19,/img/tires/im110.png,Сельхоз шины,True,Диагональная,2,2015-10-15 09:47:55,450-19-trelleborg-im110-2-pr-66a8
524,8,IM110,Trelleborg,Италия,2 PR (66A8),4.00-21,/img/tires/im110.png,Сельхоз шины,True,Диагональная,2,2015-10-15 09:47:55,400-21-trelleborg-im110-2-pr-66a8
525,8,TD27,Trelleborg,Италия,4 PR,4.00-4.50-21,/img/tires/td27.png,Сельхоз шины,True,Диагональная,2,2015-10-15 09:47:55,400-450-21-trelleborg-td27-4-pr
526,8555,HD 2000 II,Titan,США,8 слоёв,10-16.5 NHS,/img/tires/hd2000ii.png,Индустриальные шины,True,Диагональная,1,2015-10-15 09:47:55,10-165-nhs-titan-hd-2000-ii
527,11440,HD 2000 II,Titan,США,10 слоёв,12-16.5 NHS,/img/tires/hd2000ii.png,Индустриальные шины,True,Диагональная,1,2015-10-15 09:47:55,12-165-nhs-titan-hd-2000-ii
528,101500,ND LCM L3/E3,Titan,США,20 слоёв,23.5-25,/img/tires/ndlcm.png,Индустриальные шины,True,Диагональная,1,2015-10-15 09:47:55,235-25-titan-nd-lcm-l3e3
